sensor_id;sensor_type;location;lat;lon;timestamp;value_type;value
4856;DHT22;3629;6.428;3.435;2023-11-01T16:44:12.409509+00:00;humidity;82.60
4856;DHT22;3629;6.428;3.435;2023-11-01T16:44:12.409509+00:00;temperature;29.40
4855;pms5003;3629;6.428;3.435;2023-11-01T16:44:52.764459+00:00;P2;19.00
4855;pms5003;3629;6.428;3.435;2023-11-01T16:44:52.764459+00:00;P1;25.00
4855;pms5003;3629;6.428;3.435;2023-11-01T16:44:52.764459+00:00;P0;14.00
4856;DHT22;3629;6.428;3.435;2023-11-01T16:45:05.919275+00:00;humidity;80.30
4856;DHT22;3629;6.428;3.435;2023-11-01T16:45:05.919275+00:00;temperature;29.70
4857;pms5003;3630;6.540;3.297;2023-11-01T17:52:08.924982+00:00;P2;3.50
4857;pms5003;3630;6.540;3.297;2023-11-01T17:52:08.924982+00:00;P1;4.25
4857;pms5003;3630;6.540;3.297;2023-11-01T17:52:08.924982+00:00;P0;2.50
4858;DHT22;3630;6.540;3.297;2023-11-01T17:52:22.386859+00:00;humidity;78.00
4858;DHT22;3630;6.540;3.297;2023-11-01T17:52:22.386859+00:00;temperature;30.50
4857;pms5003;3630;6.540;3.297;2023-11-01T17:53:13.805911+00:00;P2;3.00
4857;pms5003;3630;6.540;3.297;2023-11-01T17:53:13.805911+00:00;P1;3.00
4857;pms5003;3630;6.540;3.297;2023-11-01T17:53:13.805911+00:00;P0;2.33
4858;DHT22;3630;6.540;3.297;2023-11-01T17:53:26.825073+00:00;humidity;78.30
4858;DHT22;3630;6.540;3.297;2023-11-01T17:53:26.825073+00:00;temperature;30.50
4853;pms5003;3628;6.559;3.386;2023-11-01T18:16:42.515782+00:00;P2;40.33
4853;pms5003;3628;6.559;3.386;2023-11-01T18:16:42.515782+00:00;P1;47.67
4853;pms5003;3628;6.559;3.386;2023-11-01T18:16:42.515782+00:00;P0;28.00
4854;DHT22;3628;6.559;3.386;2023-11-01T18:16:56.434707+00:00;humidity;77.50
4854;DHT22;3628;6.559;3.386;2023-11-01T18:16:56.434707+00:00;temperature;31.00
4857;pms5003;3630;6.540;3.297;2023-11-03T07:38:39.664224+00:00;P2;47.00
4857;pms5003;3630;6.540;3.297;2023-11-03T07:38:39.664224+00:00;P1;59.00
4857;pms5003;3630;6.540;3.297;2023-11-03T07:38:39.664224+00:00;P0;30.75
4858;DHT22;3630;6.540;3.297;2023-11-03T07:38:52.284331+00:00;humidity;83.90
4858;DHT22;3630;6.540;3.297;2023-11-03T07:38:52.284331+00:00;temperature;27.80
4857;pms5003;3630;6.540;3.297;2023-11-03T07:42:21.703160+00:00;P2;46.71
4857;pms5003;3630;6.540;3.297;2023-11-03T07:42:21.703160+00:00;P1;57.14
4857;pms5003;3630;6.540;3.297;2023-11-03T07:42:21.703160+00:00;P0;30.71
4858;DHT22;3630;6.540;3.297;2023-11-03T07:42:36.034094+00:00;humidity;77.60
4858;DHT22;3630;6.540;3.297;2023-11-03T07:42:36.034094+00:00;temperature;29.00
4857;pms5003;3630;6.540;3.297;2023-11-03T07:49:56.864160+00:00;P2;42.31
4857;pms5003;3630;6.540;3.297;2023-11-03T07:49:56.864160+00:00;P1;52.15
4857;pms5003;3630;6.540;3.297;2023-11-03T07:49:56.864160+00:00;P0;28.23
4857;pms5003;3630;6.540;3.297;2023-11-03T07:51:05.756512+00:00;P2;40.50
4857;pms5003;3630;6.540;3.297;2023-11-03T07:51:05.756512+00:00;P1;49.00
4857;pms5003;3630;6.540;3.297;2023-11-03T07:51:05.756512+00:00;P0;27.50
4858;DHT22;3630;6.540;3.297;2023-11-03T07:51:21.784177+00:00;humidity;79.80
4858;DHT22;3630;6.540;3.297;2023-11-03T07:51:21.784177+00:00;temperature;29.00
4857;pms5003;3630;6.540;3.297;2023-11-03T07:52:23.770294+00:00;P2;40.00
4857;pms5003;3630;6.540;3.297;2023-11-03T07:52:23.770294+00:00;P1;49.00
4857;pms5003;3630;6.540;3.297;2023-11-03T07:52:23.770294+00:00;P0;27.00
4858;DHT22;3630;6.540;3.297;2023-11-03T07:52:53.124254+00:00;humidity;79.70
4858;DHT22;3630;6.540;3.297;2023-11-03T07:52:53.124254+00:00;temperature;29.10
4857;pms5003;3630;6.540;3.297;2023-11-03T07:53:37.339578+00:00;P2;40.00
4857;pms5003;3630;6.540;3.297;2023-11-03T07:53:37.339578+00:00;P1;48.00
4857;pms5003;3630;6.540;3.297;2023-11-03T07:53:37.339578+00:00;P0;27.00
4858;DHT22;3630;6.540;3.297;2023-11-03T07:53:50.576138+00:00;humidity;78.10
4858;DHT22;3630;6.540;3.297;2023-11-03T07:53:50.576138+00:00;temperature;29.20
4857;pms5003;3630;6.540;3.297;2023-11-03T07:54:48.196892+00:00;P2;39.00
4857;pms5003;3630;6.540;3.297;2023-11-03T07:54:48.196892+00:00;P1;49.00
4857;pms5003;3630;6.540;3.297;2023-11-03T07:54:48.196892+00:00;P0;27.00
4858;DHT22;3630;6.540;3.297;2023-11-03T07:55:02.173647+00:00;humidity;78.20
4858;DHT22;3630;6.540;3.297;2023-11-03T07:55:02.173647+00:00;temperature;29.30
4857;pms5003;3630;6.540;3.297;2023-11-03T07:56:04.395471+00:00;P2;40.00
4857;pms5003;3630;6.540;3.297;2023-11-03T07:56:04.395471+00:00;P1;47.33
4857;pms5003;3630;6.540;3.297;2023-11-03T07:56:04.395471+00:00;P0;28.00
4858;DHT22;3630;6.540;3.297;2023-11-03T07:56:28.443622+00:00;humidity;78.40
4858;DHT22;3630;6.540;3.297;2023-11-03T07:56:28.443622+00:00;temperature;29.40
4857;pms5003;3630;6.540;3.297;2023-11-03T07:57:26.400942+00:00;P2;39.33
4857;pms5003;3630;6.540;3.297;2023-11-03T07:57:26.400942+00:00;P1;48.33
4857;pms5003;3630;6.540;3.297;2023-11-03T07:57:26.400942+00:00;P0;26.00
4858;DHT22;3630;6.540;3.297;2023-11-03T07:57:42.530773+00:00;humidity;78.20
4858;DHT22;3630;6.540;3.297;2023-11-03T07:57:42.530773+00:00;temperature;29.50
4857;pms5003;3630;6.540;3.297;2023-11-03T07:58:38.254432+00:00;P2;38.50
4857;pms5003;3630;6.540;3.297;2023-11-03T07:58:38.254432+00:00;P1;46.75
4857;pms5003;3630;6.540;3.297;2023-11-03T07:58:38.254432+00:00;P0;26.00
4858;DHT22;3630;6.540;3.297;2023-11-03T07:58:57.485353+00:00;humidity;77.60
4858;DHT22;3630;6.540;3.297;2023-11-03T07:58:57.485353+00:00;temperature;29.50
4857;pms5003;3630;6.540;3.297;2023-11-03T08:00:00.322910+00:00;P2;36.00
4857;pms5003;3630;6.540;3.297;2023-11-03T08:00:00.322910+00:00;P1;43.33
4857;pms5003;3630;6.540;3.297;2023-11-03T08:00:00.322910+00:00;P0;24.67
4858;DHT22;3630;6.540;3.297;2023-11-03T08:00:20.863905+00:00;humidity;78.40
4858;DHT22;3630;6.540;3.297;2023-11-03T08:00:20.863905+00:00;temperature;29.50
4857;pms5003;3630;6.540;3.297;2023-11-03T08:01:20.411725+00:00;P2;35.00
4857;pms5003;3630;6.540;3.297;2023-11-03T08:01:20.411725+00:00;P1;40.00
4857;pms5003;3630;6.540;3.297;2023-11-03T08:01:20.411725+00:00;P0;24.00
4858;DHT22;3630;6.540;3.297;2023-11-03T08:01:35.130047+00:00;humidity;78.40
4858;DHT22;3630;6.540;3.297;2023-11-03T08:01:35.130047+00:00;temperature;29.50
4857;pms5003;3630;6.540;3.297;2023-11-03T08:02:46.534542+00:00;P2;40.00
4857;pms5003;3630;6.540;3.297;2023-11-03T08:02:46.534542+00:00;P1;48.00
4857;pms5003;3630;6.540;3.297;2023-11-03T08:02:46.534542+00:00;P0;26.50
4858;DHT22;3630;6.540;3.297;2023-11-03T08:03:46.104437+00:00;humidity;78.00
4858;DHT22;3630;6.540;3.297;2023-11-03T08:03:46.104437+00:00;temperature;29.50
4857;pms5003;3630;6.540;3.297;2023-11-03T08:03:57.424337+00:00;P2;37.75
4857;pms5003;3630;6.540;3.297;2023-11-03T08:03:57.424337+00:00;P1;45.50
4857;pms5003;3630;6.540;3.297;2023-11-03T08:03:57.424337+00:00;P0;24.75
4858;DHT22;3630;6.540;3.297;2023-11-03T08:04:14.685443+00:00;humidity;77.80
4858;DHT22;3630;6.540;3.297;2023-11-03T08:04:14.685443+00:00;temperature;29.40
4857;pms5003;3630;6.540;3.297;2023-11-03T08:05:27.178298+00:00;P2;29.80
4857;pms5003;3630;6.540;3.297;2023-11-03T08:05:27.178298+00:00;P1;33.80
4857;pms5003;3630;6.540;3.297;2023-11-03T08:05:27.178298+00:00;P0;16.80
4858;DHT22;3630;6.540;3.297;2023-11-03T08:05:46.932054+00:00;humidity;77.80
4858;DHT22;3630;6.540;3.297;2023-11-03T08:05:46.932054+00:00;temperature;29.40
4857;pms5003;3630;6.540;3.297;2023-11-03T08:06:46.152669+00:00;P2;38.50
4857;pms5003;3630;6.540;3.297;2023-11-03T08:06:46.152669+00:00;P1;46.75
4857;pms5003;3630;6.540;3.297;2023-11-03T08:06:46.152669+00:00;P0;24.75
4858;DHT22;3630;6.540;3.297;2023-11-03T08:07:01.284411+00:00;humidity;78.50
4858;DHT22;3630;6.540;3.297;2023-11-03T08:07:01.284411+00:00;temperature;29.40
4857;pms5003;3630;6.540;3.297;2023-11-03T08:08:38.827165+00:00;P2;38.25
4857;pms5003;3630;6.540;3.297;2023-11-03T08:08:38.827165+00:00;P1;47.75
4857;pms5003;3630;6.540;3.297;2023-11-03T08:08:38.827165+00:00;P0;25.75
4857;pms5003;3630;6.540;3.297;2023-11-03T08:09:14.944412+00:00;P2;38.00
4857;pms5003;3630;6.540;3.297;2023-11-03T08:09:14.944412+00:00;P1;45.20
4857;pms5003;3630;6.540;3.297;2023-11-03T08:09:14.944412+00:00;P0;25.20
4858;DHT22;3630;6.540;3.297;2023-11-03T08:09:28.234585+00:00;humidity;78.30
4858;DHT22;3630;6.540;3.297;2023-11-03T08:09:28.234585+00:00;temperature;29.40
4857;pms5003;3630;6.540;3.297;2023-11-03T08:10:31.727759+00:00;P2;41.50
4857;pms5003;3630;6.540;3.297;2023-11-03T08:10:31.727759+00:00;P1;50.00
4857;pms5003;3630;6.540;3.297;2023-11-03T08:10:31.727759+00:00;P0;27.00
4858;DHT22;3630;6.540;3.297;2023-11-03T08:10:52.990060+00:00;humidity;78.30
4858;DHT22;3630;6.540;3.297;2023-11-03T08:10:52.990060+00:00;temperature;29.50
4857;pms5003;3630;6.540;3.297;2023-11-03T08:11:59.762428+00:00;P2;42.00
4857;pms5003;3630;6.540;3.297;2023-11-03T08:11:59.762428+00:00;P1;50.75
4857;pms5003;3630;6.540;3.297;2023-11-03T08:11:59.762428+00:00;P0;27.00
4858;DHT22;3630;6.540;3.297;2023-11-03T08:12:15.367220+00:00;humidity;78.10
4858;DHT22;3630;6.540;3.297;2023-11-03T08:12:15.367220+00:00;temperature;29.60
4857;pms5003;3630;6.540;3.297;2023-11-03T08:13:11.734306+00:00;P2;42.50
4857;pms5003;3630;6.540;3.297;2023-11-03T08:13:11.734306+00:00;P1;52.25
4857;pms5003;3630;6.540;3.297;2023-11-03T08:13:11.734306+00:00;P0;27.25
4858;DHT22;3630;6.540;3.297;2023-11-03T08:13:25.914414+00:00;humidity;77.30
4858;DHT22;3630;6.540;3.297;2023-11-03T08:13:25.914414+00:00;temperature;29.70
4857;pms5003;3630;6.540;3.297;2023-11-03T08:14:31.084317+00:00;P2;45.00
4857;pms5003;3630;6.540;3.297;2023-11-03T08:14:31.084317+00:00;P1;55.67
4857;pms5003;3630;6.540;3.297;2023-11-03T08:14:31.084317+00:00;P0;28.67
4858;DHT22;3630;6.540;3.297;2023-11-03T08:14:44.582424+00:00;humidity;76.60
4858;DHT22;3630;6.540;3.297;2023-11-03T08:14:44.582424+00:00;temperature;29.90
4857;pms5003;3630;6.540;3.297;2023-11-03T08:15:43.484151+00:00;P2;47.00
4857;pms5003;3630;6.540;3.297;2023-11-03T08:15:43.484151+00:00;P1;59.00
4857;pms5003;3630;6.540;3.297;2023-11-03T08:15:43.484151+00:00;P0;30.33
4858;DHT22;3630;6.540;3.297;2023-11-03T08:16:04.626942+00:00;humidity;76.30
4858;DHT22;3630;6.540;3.297;2023-11-03T08:16:04.626942+00:00;temperature;30.00
4857;pms5003;3630;6.540;3.297;2023-11-03T08:17:05.275244+00:00;P2;47.33
4857;pms5003;3630;6.540;3.297;2023-11-03T08:17:05.275244+00:00;P1;59.00
4857;pms5003;3630;6.540;3.297;2023-11-03T08:17:05.275244+00:00;P0;31.00
4858;DHT22;3630;6.540;3.297;2023-11-03T08:17:19.576938+00:00;humidity;76.20
4858;DHT22;3630;6.540;3.297;2023-11-03T08:17:19.576938+00:00;temperature;30.00
4857;pms5003;3630;6.540;3.297;2023-11-03T08:18:14.014343+00:00;P2;46.00
4857;pms5003;3630;6.540;3.297;2023-11-03T08:18:14.014343+00:00;P1;56.50
4857;pms5003;3630;6.540;3.297;2023-11-03T08:18:14.014343+00:00;P0;30.00
4858;DHT22;3630;6.540;3.297;2023-11-03T08:18:32.367854+00:00;humidity;76.10
4858;DHT22;3630;6.540;3.297;2023-11-03T08:18:32.367854+00:00;temperature;30.10
4857;pms5003;3630;6.540;3.297;2023-11-03T08:19:33.814386+00:00;P2;46.00
4857;pms5003;3630;6.540;3.297;2023-11-03T08:19:33.814386+00:00;P1;56.50
4857;pms5003;3630;6.540;3.297;2023-11-03T08:19:33.814386+00:00;P0;29.00
4858;DHT22;3630;6.540;3.297;2023-11-03T08:19:47.560554+00:00;humidity;75.90
4858;DHT22;3630;6.540;3.297;2023-11-03T08:19:47.560554+00:00;temperature;30.20
4857;pms5003;3630;6.540;3.297;2023-11-03T08:20:43.336011+00:00;P2;44.25
4857;pms5003;3630;6.540;3.297;2023-11-03T08:20:43.336011+00:00;P1;52.50
4857;pms5003;3630;6.540;3.297;2023-11-03T08:20:43.336011+00:00;P0;28.50
4858;DHT22;3630;6.540;3.297;2023-11-03T08:20:58.991109+00:00;humidity;75.90
4858;DHT22;3630;6.540;3.297;2023-11-03T08:20:58.991109+00:00;temperature;30.20
4857;pms5003;3630;6.540;3.297;2023-11-03T08:22:04.523474+00:00;P2;42.67
4857;pms5003;3630;6.540;3.297;2023-11-03T08:22:04.523474+00:00;P1;51.00
4857;pms5003;3630;6.540;3.297;2023-11-03T08:22:04.523474+00:00;P0;28.00
4858;DHT22;3630;6.540;3.297;2023-11-03T08:22:17.535414+00:00;humidity;75.70
4858;DHT22;3630;6.540;3.297;2023-11-03T08:22:17.535414+00:00;temperature;30.30
4857;pms5003;3630;6.540;3.297;2023-11-03T08:23:12.293277+00:00;P2;46.00
4857;pms5003;3630;6.540;3.297;2023-11-03T08:23:12.293277+00:00;P1;57.50
4857;pms5003;3630;6.540;3.297;2023-11-03T08:23:12.293277+00:00;P0;31.50
4858;DHT22;3630;6.540;3.297;2023-11-03T08:23:26.024387+00:00;humidity;76.10
4858;DHT22;3630;6.540;3.297;2023-11-03T08:23:26.024387+00:00;temperature;30.20
4857;pms5003;3630;6.540;3.297;2023-11-03T08:24:29.358369+00:00;P2;43.67
4857;pms5003;3630;6.540;3.297;2023-11-03T08:24:29.358369+00:00;P1;52.67
4857;pms5003;3630;6.540;3.297;2023-11-03T08:24:29.358369+00:00;P0;28.00
4858;DHT22;3630;6.540;3.297;2023-11-03T08:24:42.678729+00:00;humidity;75.90
4858;DHT22;3630;6.540;3.297;2023-11-03T08:24:42.678729+00:00;temperature;30.30
4857;pms5003;3630;6.540;3.297;2023-11-03T08:25:38.836137+00:00;P2;51.00
4857;pms5003;3630;6.540;3.297;2023-11-03T08:25:38.836137+00:00;P1;63.00
4857;pms5003;3630;6.540;3.297;2023-11-03T08:25:38.836137+00:00;P0;34.00
4858;DHT22;3630;6.540;3.297;2023-11-03T08:25:57.709327+00:00;humidity;76.70
4858;DHT22;3630;6.540;3.297;2023-11-03T08:25:57.709327+00:00;temperature;30.20
4857;pms5003;3630;6.540;3.297;2023-11-03T08:27:05.884722+00:00;P2;45.00
4857;pms5003;3630;6.540;3.297;2023-11-03T08:27:05.884722+00:00;P1;58.00
4857;pms5003;3630;6.540;3.297;2023-11-03T08:27:05.884722+00:00;P0;29.00
4858;DHT22;3630;6.540;3.297;2023-11-03T08:27:18.076176+00:00;humidity;75.80
4858;DHT22;3630;6.540;3.297;2023-11-03T08:27:18.076176+00:00;temperature;30.20
4857;pms5003;3630;6.540;3.297;2023-11-03T08:28:09.545616+00:00;P2;43.25
4857;pms5003;3630;6.540;3.297;2023-11-03T08:28:09.545616+00:00;P1;54.25
4857;pms5003;3630;6.540;3.297;2023-11-03T08:28:09.545616+00:00;P0;28.25
4858;DHT22;3630;6.540;3.297;2023-11-03T08:28:25.904563+00:00;humidity;76.60
4858;DHT22;3630;6.540;3.297;2023-11-03T08:28:25.904563+00:00;temperature;30.20
4857;pms5003;3630;6.540;3.297;2023-11-03T08:29:29.738471+00:00;P2;44.00
4857;pms5003;3630;6.540;3.297;2023-11-03T08:29:29.738471+00:00;P1;52.67
4857;pms5003;3630;6.540;3.297;2023-11-03T08:29:29.738471+00:00;P0;29.33
4858;DHT22;3630;6.540;3.297;2023-11-03T08:29:42.288745+00:00;humidity;76.40
4858;DHT22;3630;6.540;3.297;2023-11-03T08:29:42.288745+00:00;temperature;30.30
4857;pms5003;3630;6.540;3.297;2023-11-03T08:30:48.505394+00:00;P2;41.00
4857;pms5003;3630;6.540;3.297;2023-11-03T08:30:48.505394+00:00;P1;49.00
4857;pms5003;3630;6.540;3.297;2023-11-03T08:30:48.505394+00:00;P0;28.00
4858;DHT22;3630;6.540;3.297;2023-11-03T08:31:02.691097+00:00;humidity;75.80
4858;DHT22;3630;6.540;3.297;2023-11-03T08:31:02.691097+00:00;temperature;30.30
4857;pms5003;3630;6.540;3.297;2023-11-03T08:31:59.384138+00:00;P2;42.00
4857;pms5003;3630;6.540;3.297;2023-11-03T08:31:59.384138+00:00;P1;50.33
4857;pms5003;3630;6.540;3.297;2023-11-03T08:31:59.384138+00:00;P0;28.00
4858;DHT22;3630;6.540;3.297;2023-11-03T08:32:14.782094+00:00;humidity;76.30
4858;DHT22;3630;6.540;3.297;2023-11-03T08:32:14.782094+00:00;temperature;30.30
4857;pms5003;3630;6.540;3.297;2023-11-03T08:33:15.319087+00:00;P2;39.75
4857;pms5003;3630;6.540;3.297;2023-11-03T08:33:15.319087+00:00;P1;46.50
4857;pms5003;3630;6.540;3.297;2023-11-03T08:33:15.319087+00:00;P0;26.25
4858;DHT22;3630;6.540;3.297;2023-11-03T08:33:28.323003+00:00;humidity;76.20
4858;DHT22;3630;6.540;3.297;2023-11-03T08:33:28.323003+00:00;temperature;30.30
4857;pms5003;3630;6.540;3.297;2023-11-03T08:34:30.353769+00:00;P2;43.33
4857;pms5003;3630;6.540;3.297;2023-11-03T08:34:30.353769+00:00;P1;53.67
4857;pms5003;3630;6.540;3.297;2023-11-03T08:34:30.353769+00:00;P0;28.33
4858;DHT22;3630;6.540;3.297;2023-11-03T08:34:43.669804+00:00;humidity;76.10
4858;DHT22;3630;6.540;3.297;2023-11-03T08:34:43.669804+00:00;temperature;30.30
4857;pms5003;3630;6.540;3.297;2023-11-03T08:35:40.317463+00:00;P2;40.00
4857;pms5003;3630;6.540;3.297;2023-11-03T08:35:40.317463+00:00;P1;46.67
4857;pms5003;3630;6.540;3.297;2023-11-03T08:35:40.317463+00:00;P0;27.67
4858;DHT22;3630;6.540;3.297;2023-11-03T08:35:53.349059+00:00;humidity;76.10
4858;DHT22;3630;6.540;3.297;2023-11-03T08:35:53.349059+00:00;temperature;30.30
4857;pms5003;3630;6.540;3.297;2023-11-03T08:36:45.119293+00:00;P2;43.60
4857;pms5003;3630;6.540;3.297;2023-11-03T08:36:45.119293+00:00;P1;52.60
4857;pms5003;3630;6.540;3.297;2023-11-03T08:36:45.119293+00:00;P0;28.00
4858;DHT22;3630;6.540;3.297;2023-11-03T08:36:58.185277+00:00;humidity;76.40
4858;DHT22;3630;6.540;3.297;2023-11-03T08:36:58.185277+00:00;temperature;30.30
4857;pms5003;3630;6.540;3.297;2023-11-03T08:37:51.176452+00:00;P2;43.25
4857;pms5003;3630;6.540;3.297;2023-11-03T08:37:51.176452+00:00;P1;52.75
4857;pms5003;3630;6.540;3.297;2023-11-03T08:37:51.176452+00:00;P0;27.50
4858;DHT22;3630;6.540;3.297;2023-11-03T08:38:04.320839+00:00;humidity;76.00
4858;DHT22;3630;6.540;3.297;2023-11-03T08:38:04.320839+00:00;temperature;30.30
4857;pms5003;3630;6.540;3.297;2023-11-03T08:38:58.243588+00:00;P2;43.67
4857;pms5003;3630;6.540;3.297;2023-11-03T08:38:58.243588+00:00;P1;54.33
4857;pms5003;3630;6.540;3.297;2023-11-03T08:38:58.243588+00:00;P0;29.67
4858;DHT22;3630;6.540;3.297;2023-11-03T08:39:12.295738+00:00;humidity;76.20
4858;DHT22;3630;6.540;3.297;2023-11-03T08:39:12.295738+00:00;temperature;30.20
4857;pms5003;3630;6.540;3.297;2023-11-03T08:40:07.704508+00:00;P2;40.25
4857;pms5003;3630;6.540;3.297;2023-11-03T08:40:07.704508+00:00;P1;48.25
4857;pms5003;3630;6.540;3.297;2023-11-03T08:40:07.704508+00:00;P0;26.00
4858;DHT22;3630;6.540;3.297;2023-11-03T08:40:22.577433+00:00;humidity;76.30
4858;DHT22;3630;6.540;3.297;2023-11-03T08:40:22.577433+00:00;temperature;30.20
4857;pms5003;3630;6.540;3.297;2023-11-03T08:41:16.461306+00:00;P2;44.50
4857;pms5003;3630;6.540;3.297;2023-11-03T08:41:16.461306+00:00;P1;53.50
4857;pms5003;3630;6.540;3.297;2023-11-03T08:41:16.461306+00:00;P0;29.00
4858;DHT22;3630;6.540;3.297;2023-11-03T08:41:30.960538+00:00;humidity;76.80
4858;DHT22;3630;6.540;3.297;2023-11-03T08:41:30.960538+00:00;temperature;30.30
4857;pms5003;3630;6.540;3.297;2023-11-03T08:42:26.958652+00:00;P2;39.33
4857;pms5003;3630;6.540;3.297;2023-11-03T08:42:26.958652+00:00;P1;48.00
4857;pms5003;3630;6.540;3.297;2023-11-03T08:42:26.958652+00:00;P0;26.67
4858;DHT22;3630;6.540;3.297;2023-11-03T08:42:42.646097+00:00;humidity;76.30
4858;DHT22;3630;6.540;3.297;2023-11-03T08:42:42.646097+00:00;temperature;30.30
4857;pms5003;3630;6.540;3.297;2023-11-03T08:43:37.760551+00:00;P2;46.00
4857;pms5003;3630;6.540;3.297;2023-11-03T08:43:37.760551+00:00;P1;55.00
4857;pms5003;3630;6.540;3.297;2023-11-03T08:43:37.760551+00:00;P0;28.00
4858;DHT22;3630;6.540;3.297;2023-11-03T08:43:51.673673+00:00;humidity;76.20
4858;DHT22;3630;6.540;3.297;2023-11-03T08:43:51.673673+00:00;temperature;30.40
4857;pms5003;3630;6.540;3.297;2023-11-03T08:44:49.972012+00:00;P2;38.50
4857;pms5003;3630;6.540;3.297;2023-11-03T08:44:49.972012+00:00;P1;46.50
4857;pms5003;3630;6.540;3.297;2023-11-03T08:44:49.972012+00:00;P0;26.50
4858;DHT22;3630;6.540;3.297;2023-11-03T08:45:03.768341+00:00;humidity;76.00
4858;DHT22;3630;6.540;3.297;2023-11-03T08:45:03.768341+00:00;temperature;30.40
4857;pms5003;3630;6.540;3.297;2023-11-03T08:46:17.280006+00:00;P2;40.20
4857;pms5003;3630;6.540;3.297;2023-11-03T08:46:17.280006+00:00;P1;48.60
4857;pms5003;3630;6.540;3.297;2023-11-03T08:46:17.280006+00:00;P0;26.20
4858;DHT22;3630;6.540;3.297;2023-11-03T08:46:28.074916+00:00;humidity;76.30
4858;DHT22;3630;6.540;3.297;2023-11-03T08:46:28.074916+00:00;temperature;30.40
4857;pms5003;3630;6.540;3.297;2023-11-03T08:47:22.032018+00:00;P2;39.00
4857;pms5003;3630;6.540;3.297;2023-11-03T08:47:22.032018+00:00;P1;47.00
4857;pms5003;3630;6.540;3.297;2023-11-03T08:47:22.032018+00:00;P0;25.67
4858;DHT22;3630;6.540;3.297;2023-11-03T08:47:35.514523+00:00;humidity;76.20
4858;DHT22;3630;6.540;3.297;2023-11-03T08:47:35.514523+00:00;temperature;30.40
4857;pms5003;3630;6.540;3.297;2023-11-03T08:48:27.558262+00:00;P2;45.00
4857;pms5003;3630;6.540;3.297;2023-11-03T08:48:27.558262+00:00;P1;56.00
4857;pms5003;3630;6.540;3.297;2023-11-03T08:48:27.558262+00:00;P0;27.00
4858;DHT22;3630;6.540;3.297;2023-11-03T08:48:53.779085+00:00;humidity;76.10
4858;DHT22;3630;6.540;3.297;2023-11-03T08:48:53.779085+00:00;temperature;30.40
4857;pms5003;3630;6.540;3.297;2023-11-03T08:49:47.074469+00:00;P2;40.67
4857;pms5003;3630;6.540;3.297;2023-11-03T08:49:47.074469+00:00;P1;48.33
4857;pms5003;3630;6.540;3.297;2023-11-03T08:49:47.074469+00:00;P0;28.00
4858;DHT22;3630;6.540;3.297;2023-11-03T08:50:05.242860+00:00;humidity;75.90
4858;DHT22;3630;6.540;3.297;2023-11-03T08:50:05.242860+00:00;temperature;30.50
4857;pms5003;3630;6.540;3.297;2023-11-03T08:51:08.478740+00:00;P2;42.00
4857;pms5003;3630;6.540;3.297;2023-11-03T08:51:08.478740+00:00;P1;49.67
4857;pms5003;3630;6.540;3.297;2023-11-03T08:51:08.478740+00:00;P0;27.00
4858;DHT22;3630;6.540;3.297;2023-11-03T08:51:23.271981+00:00;humidity;75.80
4858;DHT22;3630;6.540;3.297;2023-11-03T08:51:23.271981+00:00;temperature;30.50
4857;pms5003;3630;6.540;3.297;2023-11-03T08:52:29.144890+00:00;P2;45.75
4857;pms5003;3630;6.540;3.297;2023-11-03T08:52:29.144890+00:00;P1;56.75
4857;pms5003;3630;6.540;3.297;2023-11-03T08:52:29.144890+00:00;P0;29.75
4857;pms5003;3630;6.540;3.297;2023-11-03T08:53:57.040588+00:00;P2;44.00
4857;pms5003;3630;6.540;3.297;2023-11-03T08:53:57.040588+00:00;P1;53.00
4857;pms5003;3630;6.540;3.297;2023-11-03T08:53:57.040588+00:00;P0;28.00
4858;DHT22;3630;6.540;3.297;2023-11-03T08:54:14.750632+00:00;humidity;75.80
4858;DHT22;3630;6.540;3.297;2023-11-03T08:54:14.750632+00:00;temperature;30.30
4858;DHT22;3630;6.540;3.297;2023-11-03T08:56:25.792328+00:00;humidity;77.00
4858;DHT22;3630;6.540;3.297;2023-11-03T08:56:25.792328+00:00;temperature;30.10
4857;pms5003;3630;6.540;3.297;2023-11-03T08:57:16.684724+00:00;P2;44.50
4857;pms5003;3630;6.540;3.297;2023-11-03T08:57:16.684724+00:00;P1;57.50
4857;pms5003;3630;6.540;3.297;2023-11-03T08:57:16.684724+00:00;P0;28.50
4858;DHT22;3630;6.540;3.297;2023-11-03T08:57:40.802349+00:00;humidity;77.20
4858;DHT22;3630;6.540;3.297;2023-11-03T08:57:40.802349+00:00;temperature;30.00
4857;pms5003;3630;6.540;3.297;2023-11-03T08:58:35.920956+00:00;P2;43.20
4857;pms5003;3630;6.540;3.297;2023-11-03T08:58:35.920956+00:00;P1;52.80
4857;pms5003;3630;6.540;3.297;2023-11-03T08:58:35.920956+00:00;P0;30.00
4858;DHT22;3630;6.540;3.297;2023-11-03T08:58:52.469797+00:00;humidity;77.60
4858;DHT22;3630;6.540;3.297;2023-11-03T08:58:52.469797+00:00;temperature;29.90
4857;pms5003;3630;6.540;3.297;2023-11-03T08:59:55.798405+00:00;P2;42.00
4857;pms5003;3630;6.540;3.297;2023-11-03T08:59:55.798405+00:00;P1;52.00
4857;pms5003;3630;6.540;3.297;2023-11-03T08:59:55.798405+00:00;P0;26.00
4858;DHT22;3630;6.540;3.297;2023-11-03T09:00:09.769911+00:00;humidity;77.40
4858;DHT22;3630;6.540;3.297;2023-11-03T09:00:09.769911+00:00;temperature;29.90
4857;pms5003;3630;6.540;3.297;2023-11-03T09:01:02.920015+00:00;P2;42.00
4857;pms5003;3630;6.540;3.297;2023-11-03T09:01:02.920015+00:00;P1;49.67
4857;pms5003;3630;6.540;3.297;2023-11-03T09:01:02.920015+00:00;P0;27.33
4858;DHT22;3630;6.540;3.297;2023-11-03T09:01:32.660240+00:00;humidity;78.10
4858;DHT22;3630;6.540;3.297;2023-11-03T09:01:32.660240+00:00;temperature;29.80
4857;pms5003;3630;6.540;3.297;2023-11-03T09:02:16.257960+00:00;P2;46.00
4857;pms5003;3630;6.540;3.297;2023-11-03T09:02:16.257960+00:00;P1;56.50
4857;pms5003;3630;6.540;3.297;2023-11-03T09:02:16.257960+00:00;P0;29.50
4858;DHT22;3630;6.540;3.297;2023-11-03T09:02:29.380988+00:00;humidity;77.90
4858;DHT22;3630;6.540;3.297;2023-11-03T09:02:29.380988+00:00;temperature;29.80
4857;pms5003;3630;6.540;3.297;2023-11-03T09:03:35.687240+00:00;P2;41.50
4857;pms5003;3630;6.540;3.297;2023-11-03T09:03:35.687240+00:00;P1;49.25
4857;pms5003;3630;6.540;3.297;2023-11-03T09:03:35.687240+00:00;P0;28.25
4858;DHT22;3630;6.540;3.297;2023-11-03T09:03:59.868074+00:00;humidity;78.10
4858;DHT22;3630;6.540;3.297;2023-11-03T09:03:59.868074+00:00;temperature;29.80
4857;pms5003;3630;6.540;3.297;2023-11-03T09:05:09.887051+00:00;P2;42.50
4857;pms5003;3630;6.540;3.297;2023-11-03T09:05:09.887051+00:00;P1;51.75
4857;pms5003;3630;6.540;3.297;2023-11-03T09:05:09.887051+00:00;P0;27.00
4858;DHT22;3630;6.540;3.297;2023-11-03T09:05:30.118210+00:00;humidity;78.30
4858;DHT22;3630;6.540;3.297;2023-11-03T09:05:30.118210+00:00;temperature;29.80
4857;pms5003;3630;6.540;3.297;2023-11-03T09:06:41.420516+00:00;P2;42.50
4857;pms5003;3630;6.540;3.297;2023-11-03T09:06:41.420516+00:00;P1;54.00
4857;pms5003;3630;6.540;3.297;2023-11-03T09:06:41.420516+00:00;P0;28.00
4858;DHT22;3630;6.540;3.297;2023-11-03T09:06:59.989434+00:00;humidity;78.00
4858;DHT22;3630;6.540;3.297;2023-11-03T09:06:59.989434+00:00;temperature;29.70
4857;pms5003;3630;6.540;3.297;2023-11-03T09:07:57.856333+00:00;P2;41.50
4857;pms5003;3630;6.540;3.297;2023-11-03T09:07:57.856333+00:00;P1;50.50
4857;pms5003;3630;6.540;3.297;2023-11-03T09:07:57.856333+00:00;P0;26.50
4858;DHT22;3630;6.540;3.297;2023-11-03T09:08:20.254677+00:00;humidity;78.10
4858;DHT22;3630;6.540;3.297;2023-11-03T09:08:20.254677+00:00;temperature;29.70
4857;pms5003;3630;6.540;3.297;2023-11-03T09:09:31.819181+00:00;P2;45.00
4857;pms5003;3630;6.540;3.297;2023-11-03T09:09:31.819181+00:00;P1;55.00
4857;pms5003;3630;6.540;3.297;2023-11-03T09:09:31.819181+00:00;P0;28.00
4858;DHT22;3630;6.540;3.297;2023-11-03T09:09:52.597941+00:00;humidity;78.10
4858;DHT22;3630;6.540;3.297;2023-11-03T09:09:52.597941+00:00;temperature;29.80
4857;pms5003;3630;6.540;3.297;2023-11-03T09:10:58.997050+00:00;P2;42.25
4857;pms5003;3630;6.540;3.297;2023-11-03T09:10:58.997050+00:00;P1;51.00
4857;pms5003;3630;6.540;3.297;2023-11-03T09:10:58.997050+00:00;P0;27.00
4858;DHT22;3630;6.540;3.297;2023-11-03T09:11:19.482012+00:00;humidity;78.40
4858;DHT22;3630;6.540;3.297;2023-11-03T09:11:19.482012+00:00;temperature;29.80
4857;pms5003;3630;6.540;3.297;2023-11-03T09:12:21.554423+00:00;P2;40.00
4857;pms5003;3630;6.540;3.297;2023-11-03T09:12:21.554423+00:00;P1;46.67
4857;pms5003;3630;6.540;3.297;2023-11-03T09:12:21.554423+00:00;P0;26.00
4858;DHT22;3630;6.540;3.297;2023-11-03T09:12:35.654338+00:00;humidity;78.40
4858;DHT22;3630;6.540;3.297;2023-11-03T09:12:35.654338+00:00;temperature;29.80
4857;pms5003;3630;6.540;3.297;2023-11-03T09:13:28.157008+00:00;P2;40.00
4857;pms5003;3630;6.540;3.297;2023-11-03T09:13:28.157008+00:00;P1;47.00
4857;pms5003;3630;6.540;3.297;2023-11-03T09:13:28.157008+00:00;P0;24.00
4858;DHT22;3630;6.540;3.297;2023-11-03T09:13:45.699956+00:00;humidity;78.30
4858;DHT22;3630;6.540;3.297;2023-11-03T09:13:45.699956+00:00;temperature;29.80
4857;pms5003;3630;6.540;3.297;2023-11-03T09:14:44.397748+00:00;P2;41.00
4857;pms5003;3630;6.540;3.297;2023-11-03T09:14:44.397748+00:00;P1;49.00
4857;pms5003;3630;6.540;3.297;2023-11-03T09:14:44.397748+00:00;P0;27.00
4858;DHT22;3630;6.540;3.297;2023-11-03T09:15:04.849015+00:00;humidity;78.20
4858;DHT22;3630;6.540;3.297;2023-11-03T09:15:04.849015+00:00;temperature;29.80
4857;pms5003;3630;6.540;3.297;2023-11-03T09:16:06.914972+00:00;P2;39.50
4857;pms5003;3630;6.540;3.297;2023-11-03T09:16:06.914972+00:00;P1;49.50
4857;pms5003;3630;6.540;3.297;2023-11-03T09:16:06.914972+00:00;P0;25.75
4858;DHT22;3630;6.540;3.297;2023-11-03T09:16:30.516021+00:00;humidity;78.40
4858;DHT22;3630;6.540;3.297;2023-11-03T09:16:30.516021+00:00;temperature;29.80
4857;pms5003;3630;6.540;3.297;2023-11-03T09:17:33.861216+00:00;P2;40.20
4857;pms5003;3630;6.540;3.297;2023-11-03T09:17:33.861216+00:00;P1;47.80
4857;pms5003;3630;6.540;3.297;2023-11-03T09:17:33.861216+00:00;P0;26.80
4858;DHT22;3630;6.540;3.297;2023-11-03T09:17:53.872097+00:00;humidity;78.30
4858;DHT22;3630;6.540;3.297;2023-11-03T09:17:53.872097+00:00;temperature;29.80
4857;pms5003;3630;6.540;3.297;2023-11-03T09:18:59.263486+00:00;P2;40.00
4857;pms5003;3630;6.540;3.297;2023-11-03T09:18:59.263486+00:00;P1;49.50
4857;pms5003;3630;6.540;3.297;2023-11-03T09:18:59.263486+00:00;P0;26.00
4858;DHT22;3630;6.540;3.297;2023-11-03T09:19:18.122158+00:00;humidity;78.40
4858;DHT22;3630;6.540;3.297;2023-11-03T09:19:18.122158+00:00;temperature;29.80
4857;pms5003;3630;6.540;3.297;2023-11-03T09:20:17.890277+00:00;P2;41.33
4857;pms5003;3630;6.540;3.297;2023-11-03T09:20:17.890277+00:00;P1;49.67
4857;pms5003;3630;6.540;3.297;2023-11-03T09:20:17.890277+00:00;P0;27.33
4858;DHT22;3630;6.540;3.297;2023-11-03T09:20:31.733551+00:00;humidity;78.50
4858;DHT22;3630;6.540;3.297;2023-11-03T09:20:31.733551+00:00;temperature;29.80
4857;pms5003;3630;6.540;3.297;2023-11-03T09:21:36.365951+00:00;P2;37.40
4857;pms5003;3630;6.540;3.297;2023-11-03T09:21:36.365951+00:00;P1;46.20
4857;pms5003;3630;6.540;3.297;2023-11-03T09:21:36.365951+00:00;P0;26.00
4858;DHT22;3630;6.540;3.297;2023-11-03T09:21:51.442070+00:00;humidity;78.60
4858;DHT22;3630;6.540;3.297;2023-11-03T09:21:51.442070+00:00;temperature;29.80
4857;pms5003;3630;6.540;3.297;2023-11-03T09:22:58.004374+00:00;P2;38.00
4857;pms5003;3630;6.540;3.297;2023-11-03T09:22:58.004374+00:00;P1;45.00
4857;pms5003;3630;6.540;3.297;2023-11-03T09:22:58.004374+00:00;P0;26.00
4858;DHT22;3630;6.540;3.297;2023-11-03T09:23:16.787023+00:00;humidity;78.60
4858;DHT22;3630;6.540;3.297;2023-11-03T09:23:16.787023+00:00;temperature;29.80
4857;pms5003;3630;6.540;3.297;2023-11-03T09:24:24.441841+00:00;P2;40.00
4857;pms5003;3630;6.540;3.297;2023-11-03T09:24:24.441841+00:00;P1;49.50
4857;pms5003;3630;6.540;3.297;2023-11-03T09:24:24.441841+00:00;P0;26.00
4858;DHT22;3630;6.540;3.297;2023-11-03T09:24:39.762701+00:00;humidity;78.70
4858;DHT22;3630;6.540;3.297;2023-11-03T09:24:39.762701+00:00;temperature;29.80
4857;pms5003;3630;6.540;3.297;2023-11-03T09:25:39.464703+00:00;P2;41.00
4857;pms5003;3630;6.540;3.297;2023-11-03T09:25:39.464703+00:00;P1;49.00
4857;pms5003;3630;6.540;3.297;2023-11-03T09:25:39.464703+00:00;P0;27.00
4858;DHT22;3630;6.540;3.297;2023-11-03T09:25:53.824159+00:00;humidity;78.30
4858;DHT22;3630;6.540;3.297;2023-11-03T09:25:53.824159+00:00;temperature;29.80
4857;pms5003;3630;6.540;3.297;2023-11-03T09:26:56.410682+00:00;P2;37.67
4857;pms5003;3630;6.540;3.297;2023-11-03T09:26:56.410682+00:00;P1;46.00
4857;pms5003;3630;6.540;3.297;2023-11-03T09:26:56.410682+00:00;P0;24.33
4858;DHT22;3630;6.540;3.297;2023-11-03T09:27:10.812657+00:00;humidity;77.50
4858;DHT22;3630;6.540;3.297;2023-11-03T09:27:10.812657+00:00;temperature;29.60
4857;pms5003;3630;6.540;3.297;2023-11-03T09:28:10.869740+00:00;P2;37.00
4857;pms5003;3630;6.540;3.297;2023-11-03T09:28:10.869740+00:00;P1;44.00
4857;pms5003;3630;6.540;3.297;2023-11-03T09:28:10.869740+00:00;P0;25.33
4858;DHT22;3630;6.540;3.297;2023-11-03T09:28:27.961568+00:00;humidity;78.80
4858;DHT22;3630;6.540;3.297;2023-11-03T09:28:27.961568+00:00;temperature;29.70
4857;pms5003;3630;6.540;3.297;2023-11-03T09:29:21.539223+00:00;P2;36.00
4857;pms5003;3630;6.540;3.297;2023-11-03T09:29:21.539223+00:00;P1;43.60
4857;pms5003;3630;6.540;3.297;2023-11-03T09:29:21.539223+00:00;P0;24.00
4858;DHT22;3630;6.540;3.297;2023-11-03T09:29:37.307236+00:00;humidity;78.80
4858;DHT22;3630;6.540;3.297;2023-11-03T09:29:37.307236+00:00;temperature;29.70
4857;pms5003;3630;6.540;3.297;2023-11-03T09:30:42.502581+00:00;P2;34.33
4857;pms5003;3630;6.540;3.297;2023-11-03T09:30:42.502581+00:00;P1;39.33
4857;pms5003;3630;6.540;3.297;2023-11-03T09:30:42.502581+00:00;P0;22.33
4858;DHT22;3630;6.540;3.297;2023-11-03T09:30:56.874192+00:00;humidity;82.90
4858;DHT22;3630;6.540;3.297;2023-11-03T09:30:56.874192+00:00;temperature;29.80
4857;pms5003;3630;6.540;3.297;2023-11-03T09:31:54.919114+00:00;P2;35.25
4857;pms5003;3630;6.540;3.297;2023-11-03T09:31:54.919114+00:00;P1;44.75
4857;pms5003;3630;6.540;3.297;2023-11-03T09:31:54.919114+00:00;P0;22.50
4858;DHT22;3630;6.540;3.297;2023-11-03T09:32:08.566963+00:00;humidity;80.30
4858;DHT22;3630;6.540;3.297;2023-11-03T09:32:08.566963+00:00;temperature;30.10
4857;pms5003;3630;6.540;3.297;2023-11-03T09:33:14.964220+00:00;P2;39.25
4857;pms5003;3630;6.540;3.297;2023-11-03T09:33:14.964220+00:00;P1;47.50
4857;pms5003;3630;6.540;3.297;2023-11-03T09:33:14.964220+00:00;P0;24.75
4858;DHT22;3630;6.540;3.297;2023-11-03T09:33:26.215775+00:00;humidity;79.30
4858;DHT22;3630;6.540;3.297;2023-11-03T09:33:26.215775+00:00;temperature;30.00
4857;pms5003;3630;6.540;3.297;2023-11-03T09:34:23.180784+00:00;P2;35.67
4857;pms5003;3630;6.540;3.297;2023-11-03T09:34:23.180784+00:00;P1;42.67
4857;pms5003;3630;6.540;3.297;2023-11-03T09:34:23.180784+00:00;P0;24.00
4858;DHT22;3630;6.540;3.297;2023-11-03T09:34:36.414782+00:00;humidity;80.30
4858;DHT22;3630;6.540;3.297;2023-11-03T09:34:36.414782+00:00;temperature;30.00
4857;pms5003;3630;6.540;3.297;2023-11-03T09:38:11.399120+00:00;P2;34.20
4857;pms5003;3630;6.540;3.297;2023-11-03T09:38:11.399120+00:00;P1;40.67
4857;pms5003;3630;6.540;3.297;2023-11-03T09:38:11.399120+00:00;P0;22.33
4858;DHT22;3630;6.540;3.297;2023-11-03T09:38:24.496469+00:00;humidity;79.80
4858;DHT22;3630;6.540;3.297;2023-11-03T09:38:24.496469+00:00;temperature;29.90
4857;pms5003;3630;6.540;3.297;2023-11-03T09:42:48.004993+00:00;P2;31.62
4857;pms5003;3630;6.540;3.297;2023-11-03T09:42:48.004993+00:00;P1;37.62
4857;pms5003;3630;6.540;3.297;2023-11-03T09:42:48.004993+00:00;P0;19.92
4858;DHT22;3630;6.540;3.297;2023-11-03T09:42:53.755997+00:00;humidity;78.60
4858;DHT22;3630;6.540;3.297;2023-11-03T09:42:53.755997+00:00;temperature;30.10
4857;pms5003;3630;6.540;3.297;2023-11-03T12:15:47.275723+00:00;P2;22.58
4857;pms5003;3630;6.540;3.297;2023-11-03T12:15:47.275723+00:00;P1;23.50
4857;pms5003;3630;6.540;3.297;2023-11-03T12:15:47.275723+00:00;P0;14.92
4858;DHT22;3630;6.540;3.297;2023-11-03T12:16:00.484081+00:00;humidity;63.20
4858;DHT22;3630;6.540;3.297;2023-11-03T12:16:00.484081+00:00;temperature;27.30
4857;pms5003;3630;6.540;3.297;2023-11-03T12:16:52.341540+00:00;P2;20.33
4857;pms5003;3630;6.540;3.297;2023-11-03T12:16:52.341540+00:00;P1;21.67
4857;pms5003;3630;6.540;3.297;2023-11-03T12:16:52.341540+00:00;P0;12.33
4858;DHT22;3630;6.540;3.297;2023-11-03T12:17:05.675103+00:00;humidity;63.70
4858;DHT22;3630;6.540;3.297;2023-11-03T12:17:05.675103+00:00;temperature;27.30
4857;pms5003;3630;6.540;3.297;2023-11-03T12:17:56.819002+00:00;P2;23.00
4857;pms5003;3630;6.540;3.297;2023-11-03T12:17:56.819002+00:00;P1;27.33
4857;pms5003;3630;6.540;3.297;2023-11-03T12:17:56.819002+00:00;P0;15.00
4858;DHT22;3630;6.540;3.297;2023-11-03T12:18:10.055510+00:00;humidity;63.30
4858;DHT22;3630;6.540;3.297;2023-11-03T12:18:10.055510+00:00;temperature;27.50
4857;pms5003;3630;6.540;3.297;2023-11-03T12:19:00.993149+00:00;P2;23.00
4857;pms5003;3630;6.540;3.297;2023-11-03T12:19:00.993149+00:00;P1;25.00
4857;pms5003;3630;6.540;3.297;2023-11-03T12:19:00.993149+00:00;P0;16.33
4858;DHT22;3630;6.540;3.297;2023-11-03T12:19:14.259819+00:00;humidity;64.20
4858;DHT22;3630;6.540;3.297;2023-11-03T12:19:14.259819+00:00;temperature;27.70
4857;pms5003;3630;6.540;3.297;2023-11-03T12:20:10.279373+00:00;P2;19.67
4857;pms5003;3630;6.540;3.297;2023-11-03T12:20:10.279373+00:00;P1;21.67
4857;pms5003;3630;6.540;3.297;2023-11-03T12:20:10.279373+00:00;P0;13.67
4858;DHT22;3630;6.540;3.297;2023-11-03T12:20:23.701423+00:00;humidity;64.30
4858;DHT22;3630;6.540;3.297;2023-11-03T12:20:23.701423+00:00;temperature;27.90
4857;pms5003;3630;6.540;3.297;2023-11-03T12:21:15.207846+00:00;P2;19.75
4857;pms5003;3630;6.540;3.297;2023-11-03T12:21:15.207846+00:00;P1;22.00
4857;pms5003;3630;6.540;3.297;2023-11-03T12:21:15.207846+00:00;P0;14.50
4858;DHT22;3630;6.540;3.297;2023-11-03T12:21:28.481861+00:00;humidity;61.70
4858;DHT22;3630;6.540;3.297;2023-11-03T12:21:28.481861+00:00;temperature;28.00
4857;pms5003;3630;6.540;3.297;2023-11-03T12:22:19.969935+00:00;P2;23.75
4857;pms5003;3630;6.540;3.297;2023-11-03T12:22:19.969935+00:00;P1;24.25
4857;pms5003;3630;6.540;3.297;2023-11-03T12:22:19.969935+00:00;P0;14.75
4858;DHT22;3630;6.540;3.297;2023-11-03T12:22:33.246834+00:00;humidity;61.30
4858;DHT22;3630;6.540;3.297;2023-11-03T12:22:33.246834+00:00;temperature;28.00
4857;pms5003;3630;6.540;3.297;2023-11-03T12:23:24.300845+00:00;P2;21.00
4857;pms5003;3630;6.540;3.297;2023-11-03T12:23:24.300845+00:00;P1;22.67
4857;pms5003;3630;6.540;3.297;2023-11-03T12:23:24.300845+00:00;P0;14.00
4858;DHT22;3630;6.540;3.297;2023-11-03T12:23:37.616056+00:00;humidity;60.30
4858;DHT22;3630;6.540;3.297;2023-11-03T12:23:37.616056+00:00;temperature;28.00
4857;pms5003;3630;6.540;3.297;2023-11-03T12:24:28.720408+00:00;P2;21.00
4857;pms5003;3630;6.540;3.297;2023-11-03T12:24:28.720408+00:00;P1;24.00
4857;pms5003;3630;6.540;3.297;2023-11-03T12:24:28.720408+00:00;P0;17.00
4858;DHT22;3630;6.540;3.297;2023-11-03T12:24:42.019166+00:00;humidity;60.20
4858;DHT22;3630;6.540;3.297;2023-11-03T12:24:42.019166+00:00;temperature;28.00
4857;pms5003;3630;6.540;3.297;2023-11-03T12:25:35.538433+00:00;P2;27.33
4857;pms5003;3630;6.540;3.297;2023-11-03T12:25:35.538433+00:00;P1;27.33
4857;pms5003;3630;6.540;3.297;2023-11-03T12:25:35.538433+00:00;P0;19.33
4858;DHT22;3630;6.540;3.297;2023-11-03T12:25:48.427039+00:00;humidity;61.70
4858;DHT22;3630;6.540;3.297;2023-11-03T12:25:48.427039+00:00;temperature;28.00
4857;pms5003;3630;6.540;3.297;2023-11-03T12:26:45.840385+00:00;P2;25.50
4857;pms5003;3630;6.540;3.297;2023-11-03T12:26:45.840385+00:00;P1;28.00
4857;pms5003;3630;6.540;3.297;2023-11-03T12:26:45.840385+00:00;P0;18.00
4858;DHT22;3630;6.540;3.297;2023-11-03T12:26:58.995610+00:00;humidity;62.30
4858;DHT22;3630;6.540;3.297;2023-11-03T12:26:58.995610+00:00;temperature;28.00
4857;pms5003;3630;6.540;3.297;2023-11-03T12:32:35.692819+00:00;P2;16.10
4857;pms5003;3630;6.540;3.297;2023-11-03T12:32:35.692819+00:00;P1;19.10
4857;pms5003;3630;6.540;3.297;2023-11-03T12:32:35.692819+00:00;P0;10.40
4857;pms5003;3630;6.540;3.297;2023-11-03T12:36:03.398980+00:00;P2;11.30
4857;pms5003;3630;6.540;3.297;2023-11-03T12:36:03.398980+00:00;P1;11.70
4857;pms5003;3630;6.540;3.297;2023-11-03T12:36:03.398980+00:00;P0;8.10
4857;pms5003;3630;6.540;3.297;2023-11-03T12:39:31.586879+00:00;P2;8.40
4857;pms5003;3630;6.540;3.297;2023-11-03T12:39:31.586879+00:00;P1;9.40
4857;pms5003;3630;6.540;3.297;2023-11-03T12:39:31.586879+00:00;P0;6.10
4857;pms5003;3630;6.540;3.297;2023-11-03T12:42:59.265395+00:00;P2;7.89
4857;pms5003;3630;6.540;3.297;2023-11-03T12:42:59.265395+00:00;P1;9.22
4857;pms5003;3630;6.540;3.297;2023-11-03T12:42:59.265395+00:00;P0;5.56
4857;pms5003;3630;6.540;3.297;2023-11-03T12:46:27.232331+00:00;P2;7.92
4857;pms5003;3630;6.540;3.297;2023-11-03T12:46:27.232331+00:00;P1;8.25
4857;pms5003;3630;6.540;3.297;2023-11-03T12:46:27.232331+00:00;P0;5.58
4857;pms5003;3630;6.540;3.297;2023-11-03T12:49:54.816486+00:00;P2;8.10
4857;pms5003;3630;6.540;3.297;2023-11-03T12:49:54.816486+00:00;P1;8.70
4857;pms5003;3630;6.540;3.297;2023-11-03T12:49:54.816486+00:00;P0;5.50
4857;pms5003;3630;6.540;3.297;2023-11-03T13:03:07.417430+00:00;P2;6.50
4857;pms5003;3630;6.540;3.297;2023-11-03T13:03:07.417430+00:00;P1;7.00
4857;pms5003;3630;6.540;3.297;2023-11-03T13:03:07.417430+00:00;P0;5.37
4857;pms5003;3630;6.540;3.297;2023-11-03T13:10:31.176486+00:00;P2;5.67
4857;pms5003;3630;6.540;3.297;2023-11-03T13:10:31.176486+00:00;P1;5.78
4857;pms5003;3630;6.540;3.297;2023-11-03T13:10:31.176486+00:00;P0;4.22
4857;pms5003;3630;6.540;3.297;2023-11-03T13:17:13.736277+00:00;P2;3.33
4857;pms5003;3630;6.540;3.297;2023-11-03T13:17:13.736277+00:00;P1;3.67
4857;pms5003;3630;6.540;3.297;2023-11-03T13:17:13.736277+00:00;P0;2.58
4857;pms5003;3630;6.540;3.297;2023-11-03T13:20:41.401445+00:00;P2;3.10
4857;pms5003;3630;6.540;3.297;2023-11-03T13:20:41.401445+00:00;P1;3.10
4857;pms5003;3630;6.540;3.297;2023-11-03T13:20:41.401445+00:00;P0;2.10
4858;DHT22;3630;6.540;3.297;2023-11-03T13:20:54.616283+00:00;humidity;61.10
4858;DHT22;3630;6.540;3.297;2023-11-03T13:20:54.616283+00:00;temperature;29.80
4857;pms5003;3630;6.540;3.297;2023-11-22T06:24:04.451020+00:00;P2;46.00
4857;pms5003;3630;6.540;3.297;2023-11-22T06:24:04.451020+00:00;P1;58.63
4857;pms5003;3630;6.540;3.297;2023-11-22T06:24:04.451020+00:00;P0;30.12
4858;DHT22;3630;6.540;3.297;2023-11-22T06:24:18.351046+00:00;humidity;95.30
4858;DHT22;3630;6.540;3.297;2023-11-22T06:24:18.351046+00:00;temperature;28.00
4857;pms5003;3630;6.540;3.297;2023-11-22T06:37:25.342613+00:00;P2;47.33
4857;pms5003;3630;6.540;3.297;2023-11-22T06:37:25.342613+00:00;P1;60.89
4857;pms5003;3630;6.540;3.297;2023-11-22T06:37:25.342613+00:00;P0;30.89
4858;DHT22;3630;6.540;3.297;2023-11-22T06:38:26.022730+00:00;humidity;91.30
4858;DHT22;3630;6.540;3.297;2023-11-22T06:38:26.022730+00:00;temperature;29.20
4857;pms5003;3630;6.540;3.297;2023-11-22T06:38:37.243786+00:00;P2;47.00
4857;pms5003;3630;6.540;3.297;2023-11-22T06:38:37.243786+00:00;P1;59.00
4857;pms5003;3630;6.540;3.297;2023-11-22T06:38:37.243786+00:00;P0;31.00
4858;DHT22;3630;6.540;3.297;2023-11-22T06:38:50.523292+00:00;humidity;91.20
4858;DHT22;3630;6.540;3.297;2023-11-22T06:38:50.523292+00:00;temperature;29.30
4857;pms5003;3630;6.540;3.297;2023-11-22T06:39:41.742856+00:00;P2;48.00
4857;pms5003;3630;6.540;3.297;2023-11-22T06:39:41.742856+00:00;P1;59.00
4857;pms5003;3630;6.540;3.297;2023-11-22T06:39:41.742856+00:00;P0;29.00
4858;DHT22;3630;6.540;3.297;2023-11-22T06:39:55.050616+00:00;humidity;90.80
4858;DHT22;3630;6.540;3.297;2023-11-22T06:39:55.050616+00:00;temperature;29.40
4857;pms5003;3630;6.540;3.297;2023-11-22T06:50:12.547680+00:00;P2;45.90
4857;pms5003;3630;6.540;3.297;2023-11-22T06:50:12.547680+00:00;P1;58.00
4857;pms5003;3630;6.540;3.297;2023-11-22T06:50:12.547680+00:00;P0;31.20
4857;pms5003;3630;6.540;3.297;2023-11-22T06:50:40.393690+00:00;P2;44.20
4857;pms5003;3630;6.540;3.297;2023-11-22T06:50:40.393690+00:00;P1;56.20
4857;pms5003;3630;6.540;3.297;2023-11-22T06:50:40.393690+00:00;P0;29.80
4858;DHT22;3630;6.540;3.297;2023-11-22T06:50:53.733659+00:00;humidity;89.80
4858;DHT22;3630;6.540;3.297;2023-11-22T06:50:53.733659+00:00;temperature;29.60
4857;pms5003;3630;6.540;3.297;2023-11-22T06:51:44.663702+00:00;P2;44.75
4857;pms5003;3630;6.540;3.297;2023-11-22T06:51:44.663702+00:00;P1;55.75
4857;pms5003;3630;6.540;3.297;2023-11-22T06:51:44.663702+00:00;P0;30.50
4857;pms5003;3630;6.540;3.297;2023-11-23T07:08:50.160104+00:00;P2;44.64
4857;pms5003;3630;6.540;3.297;2023-11-23T07:08:50.160104+00:00;P1;55.27
4857;pms5003;3630;6.540;3.297;2023-11-23T07:08:50.160104+00:00;P0;27.91
4858;DHT22;3630;6.540;3.297;2023-11-23T07:09:03.215880+00:00;humidity;87.70
4858;DHT22;3630;6.540;3.297;2023-11-23T07:09:03.215880+00:00;temperature;29.50
4857;pms5003;3630;6.540;3.297;2023-11-23T07:09:55.873939+00:00;P2;36.67
4857;pms5003;3630;6.540;3.297;2023-11-23T07:09:55.873939+00:00;P1;42.00
4857;pms5003;3630;6.540;3.297;2023-11-23T07:09:55.873939+00:00;P0;27.33
4858;DHT22;3630;6.540;3.297;2023-11-23T07:10:09.032860+00:00;humidity;86.30
4858;DHT22;3630;6.540;3.297;2023-11-23T07:10:09.032860+00:00;temperature;30.00
4857;pms5003;3630;6.540;3.297;2023-11-23T07:11:05.713978+00:00;P2;39.00
4857;pms5003;3630;6.540;3.297;2023-11-23T07:11:05.713978+00:00;P1;47.25
4857;pms5003;3630;6.540;3.297;2023-11-23T07:11:05.713978+00:00;P0;26.25
4858;DHT22;3630;6.540;3.297;2023-11-23T07:11:18.830863+00:00;humidity;85.30
4858;DHT22;3630;6.540;3.297;2023-11-23T07:11:18.830863+00:00;temperature;30.20
4857;pms5003;3630;6.540;3.297;2023-11-23T07:12:09.576679+00:00;P2;36.50
4857;pms5003;3630;6.540;3.297;2023-11-23T07:12:09.576679+00:00;P1;45.50
4857;pms5003;3630;6.540;3.297;2023-11-23T07:12:09.576679+00:00;P0;25.50
4858;DHT22;3630;6.540;3.297;2023-11-23T07:12:22.732228+00:00;humidity;84.30
4858;DHT22;3630;6.540;3.297;2023-11-23T07:12:22.732228+00:00;temperature;30.50
4857;pms5003;3630;6.540;3.297;2023-11-23T07:13:13.499511+00:00;P2;37.00
4857;pms5003;3630;6.540;3.297;2023-11-23T07:13:13.499511+00:00;P1;46.33
4857;pms5003;3630;6.540;3.297;2023-11-23T07:13:13.499511+00:00;P0;23.33
4858;DHT22;3630;6.540;3.297;2023-11-23T07:13:26.640831+00:00;humidity;83.70
4858;DHT22;3630;6.540;3.297;2023-11-23T07:13:26.640831+00:00;temperature;30.70
4857;pms5003;3630;6.540;3.297;2023-11-23T07:14:18.178005+00:00;P2;40.33
4857;pms5003;3630;6.540;3.297;2023-11-23T07:14:18.178005+00:00;P1;49.00
4857;pms5003;3630;6.540;3.297;2023-11-23T07:14:18.178005+00:00;P0;26.00
4858;DHT22;3630;6.540;3.297;2023-11-23T07:14:34.657496+00:00;humidity;82.80
4858;DHT22;3630;6.540;3.297;2023-11-23T07:14:34.657496+00:00;temperature;30.90
4858;DHT22;3630;6.540;3.297;2023-11-23T07:20:58.930092+00:00;humidity;82.70
4858;DHT22;3630;6.540;3.297;2023-11-23T07:20:58.930092+00:00;temperature;31.10
4857;pms5003;3630;6.540;3.297;2023-11-23T07:21:58.702070+00:00;P2;47.25
4857;pms5003;3630;6.540;3.297;2023-11-23T07:21:58.702070+00:00;P1;61.75
4857;pms5003;3630;6.540;3.297;2023-11-23T07:21:58.702070+00:00;P0;31.75
4857;pms5003;3630;6.540;3.297;2023-11-23T08:28:49.696795+00:00;P2;27.89
4857;pms5003;3630;6.540;3.297;2023-11-23T08:28:49.696795+00:00;P1;29.67
4857;pms5003;3630;6.540;3.297;2023-11-23T08:28:49.696795+00:00;P0;19.11
4857;pms5003;3630;6.540;3.297;2023-11-24T05:35:41.938395+00:00;P2;21.64
4857;pms5003;3630;6.540;3.297;2023-11-24T05:35:41.938395+00:00;P1;23.82
4857;pms5003;3630;6.540;3.297;2023-11-24T05:35:41.938395+00:00;P0;14.91
4858;DHT22;3630;6.540;3.297;2023-11-24T05:35:55.131519+00:00;humidity;99.40
4858;DHT22;3630;6.540;3.297;2023-11-24T05:35:55.131519+00:00;temperature;26.80
4857;pms5003;3630;6.540;3.297;2023-11-24T05:36:49.319036+00:00;P2;18.50
4857;pms5003;3630;6.540;3.297;2023-11-24T05:36:49.319036+00:00;P1;20.00
4857;pms5003;3630;6.540;3.297;2023-11-24T05:36:49.319036+00:00;P0;13.25
4858;DHT22;3630;6.540;3.297;2023-11-24T05:37:07.873053+00:00;humidity;99.30
4858;DHT22;3630;6.540;3.297;2023-11-24T05:37:07.873053+00:00;temperature;27.00
4857;pms5003;3630;6.540;3.297;2023-11-24T05:38:15.573242+00:00;P2;22.00
4857;pms5003;3630;6.540;3.297;2023-11-24T05:38:15.573242+00:00;P1;23.00
4857;pms5003;3630;6.540;3.297;2023-11-24T05:38:15.573242+00:00;P0;15.00
4858;DHT22;3630;6.540;3.297;2023-11-24T05:38:21.684108+00:00;humidity;98.80
4858;DHT22;3630;6.540;3.297;2023-11-24T05:38:21.684108+00:00;temperature;27.10
4857;pms5003;3630;6.540;3.297;2023-11-24T05:39:12.520687+00:00;P2;24.33
4857;pms5003;3630;6.540;3.297;2023-11-24T05:39:12.520687+00:00;P1;26.67
4857;pms5003;3630;6.540;3.297;2023-11-24T05:39:12.520687+00:00;P0;18.33
4858;DHT22;3630;6.540;3.297;2023-11-24T05:39:25.689260+00:00;humidity;97.90
4858;DHT22;3630;6.540;3.297;2023-11-24T05:39:25.689260+00:00;temperature;27.30
4857;pms5003;3630;6.540;3.297;2023-11-24T05:40:19.612398+00:00;P2;26.50
4857;pms5003;3630;6.540;3.297;2023-11-24T05:40:19.612398+00:00;P1;33.00
4857;pms5003;3630;6.540;3.297;2023-11-24T05:40:19.612398+00:00;P0;19.00
4858;DHT22;3630;6.540;3.297;2023-11-24T05:40:32.764356+00:00;humidity;97.60
4858;DHT22;3630;6.540;3.297;2023-11-24T05:40:32.764356+00:00;temperature;27.40
4857;pms5003;3630;6.540;3.297;2023-11-24T05:41:28.023764+00:00;P2;25.40
4857;pms5003;3630;6.540;3.297;2023-11-24T05:41:28.023764+00:00;P1;29.20
4857;pms5003;3630;6.540;3.297;2023-11-24T05:41:28.023764+00:00;P0;14.20
4858;DHT22;3630;6.540;3.297;2023-11-24T05:41:55.729705+00:00;humidity;96.90
4858;DHT22;3630;6.540;3.297;2023-11-24T05:41:55.729705+00:00;temperature;27.60
4857;pms5003;3630;6.540;3.297;2023-11-24T05:42:39.898306+00:00;P2;40.00
4857;pms5003;3630;6.540;3.297;2023-11-24T05:42:39.898306+00:00;P1;51.00
4857;pms5003;3630;6.540;3.297;2023-11-24T05:42:39.898306+00:00;P0;24.50
4858;DHT22;3630;6.540;3.297;2023-11-24T05:42:53.280270+00:00;humidity;96.70
4858;DHT22;3630;6.540;3.297;2023-11-24T05:42:53.280270+00:00;temperature;27.60
4857;pms5003;3630;6.540;3.297;2023-11-24T05:43:44.939486+00:00;P2;30.00
4857;pms5003;3630;6.540;3.297;2023-11-24T05:43:44.939486+00:00;P1;31.00
4857;pms5003;3630;6.540;3.297;2023-11-24T05:43:44.939486+00:00;P0;20.00
4858;DHT22;3630;6.540;3.297;2023-11-24T05:43:58.078782+00:00;humidity;96.20
4858;DHT22;3630;6.540;3.297;2023-11-24T05:43:58.078782+00:00;temperature;27.80
4857;pms5003;3630;6.540;3.297;2023-11-24T05:44:49.266866+00:00;P2;21.00
4857;pms5003;3630;6.540;3.297;2023-11-24T05:44:49.266866+00:00;P1;25.00
4857;pms5003;3630;6.540;3.297;2023-11-24T05:44:49.266866+00:00;P0;13.00
4858;DHT22;3630;6.540;3.297;2023-11-24T05:45:02.412371+00:00;humidity;95.90
4858;DHT22;3630;6.540;3.297;2023-11-24T05:45:02.412371+00:00;temperature;27.80
4857;pms5003;3630;6.540;3.297;2023-11-24T05:45:56.462496+00:00;P2;25.33
4857;pms5003;3630;6.540;3.297;2023-11-24T05:45:56.462496+00:00;P1;27.33
4857;pms5003;3630;6.540;3.297;2023-11-24T05:45:56.462496+00:00;P0;17.00
4858;DHT22;3630;6.540;3.297;2023-11-24T05:46:09.672886+00:00;humidity;95.50
4858;DHT22;3630;6.540;3.297;2023-11-24T05:46:09.672886+00:00;temperature;27.90
4857;pms5003;3630;6.540;3.297;2023-11-24T05:47:00.909004+00:00;P2;30.80
4857;pms5003;3630;6.540;3.297;2023-11-24T05:47:00.909004+00:00;P1;37.20
4857;pms5003;3630;6.540;3.297;2023-11-24T05:47:00.909004+00:00;P0;21.20
4858;DHT22;3630;6.540;3.297;2023-11-24T05:47:20.946164+00:00;humidity;95.40
4858;DHT22;3630;6.540;3.297;2023-11-24T05:47:20.946164+00:00;temperature;27.90
4857;pms5003;3630;6.540;3.297;2023-11-24T09:26:04.539593+00:00;P2;24.10
4857;pms5003;3630;6.540;3.297;2023-11-24T09:26:04.539593+00:00;P1;25.60
4857;pms5003;3630;6.540;3.297;2023-11-24T09:26:04.539593+00:00;P0;16.20
4858;DHT22;3630;6.540;3.297;2023-11-24T09:26:17.620551+00:00;humidity;82.90
4858;DHT22;3630;6.540;3.297;2023-11-24T09:26:17.620551+00:00;temperature;31.00
4857;pms5003;3630;6.540;3.297;2023-11-24T09:27:08.333646+00:00;P2;29.50
4857;pms5003;3630;6.540;3.297;2023-11-24T09:27:08.333646+00:00;P1;31.00
4857;pms5003;3630;6.540;3.297;2023-11-24T09:27:08.333646+00:00;P0;19.75
4858;DHT22;3630;6.540;3.297;2023-11-24T09:27:21.486274+00:00;humidity;82.40
4858;DHT22;3630;6.540;3.297;2023-11-24T09:27:21.486274+00:00;temperature;31.20
4857;pms5003;3630;6.540;3.297;2023-11-24T09:36:12.229529+00:00;P2;30.33
4857;pms5003;3630;6.540;3.297;2023-11-24T09:36:12.229529+00:00;P1;33.50
4857;pms5003;3630;6.540;3.297;2023-11-24T09:36:12.229529+00:00;P0;19.67
4858;DHT22;3630;6.540;3.297;2023-11-24T09:36:25.299333+00:00;humidity;80.30
4858;DHT22;3630;6.540;3.297;2023-11-24T09:36:25.299333+00:00;temperature;31.70
4857;pms5003;3630;6.540;3.297;2023-11-24T09:37:16.434644+00:00;P2;24.50
4857;pms5003;3630;6.540;3.297;2023-11-24T09:37:16.434644+00:00;P1;26.00
4857;pms5003;3630;6.540;3.297;2023-11-24T09:37:16.434644+00:00;P0;20.00
4858;DHT22;3630;6.540;3.297;2023-11-24T09:37:33.848665+00:00;humidity;79.10
4858;DHT22;3630;6.540;3.297;2023-11-24T09:37:33.848665+00:00;temperature;31.70
4857;pms5003;3630;6.540;3.297;2023-11-24T09:38:31.721506+00:00;P2;26.50
4857;pms5003;3630;6.540;3.297;2023-11-24T09:38:31.721506+00:00;P1;28.50
4857;pms5003;3630;6.540;3.297;2023-11-24T09:38:31.721506+00:00;P0;18.50
4858;DHT22;3630;6.540;3.297;2023-11-24T09:38:44.919040+00:00;humidity;79.50
4858;DHT22;3630;6.540;3.297;2023-11-24T09:38:44.919040+00:00;temperature;31.70
4857;pms5003;3630;6.540;3.297;2023-11-24T09:39:35.627798+00:00;P2;19.50
4857;pms5003;3630;6.540;3.297;2023-11-24T09:39:35.627798+00:00;P1;22.50
4857;pms5003;3630;6.540;3.297;2023-11-24T09:39:35.627798+00:00;P0;13.25
4858;DHT22;3630;6.540;3.297;2023-11-24T09:39:48.875087+00:00;humidity;79.00
4858;DHT22;3630;6.540;3.297;2023-11-24T09:39:48.875087+00:00;temperature;31.70
4857;pms5003;3630;6.540;3.297;2023-11-24T09:48:31.271816+00:00;P2;24.00
4857;pms5003;3630;6.540;3.297;2023-11-24T09:48:31.271816+00:00;P1;27.00
4857;pms5003;3630;6.540;3.297;2023-11-24T09:48:31.271816+00:00;P0;16.25
4858;DHT22;3630;6.540;3.297;2023-11-24T09:48:44.316672+00:00;humidity;78.50
4858;DHT22;3630;6.540;3.297;2023-11-24T09:48:44.316672+00:00;temperature;31.80
4857;pms5003;3630;6.540;3.297;2023-11-24T09:49:35.098903+00:00;P2;21.25
4857;pms5003;3630;6.540;3.297;2023-11-24T09:49:35.098903+00:00;P1;22.50
4857;pms5003;3630;6.540;3.297;2023-11-24T09:49:35.098903+00:00;P0;14.75
4858;DHT22;3630;6.540;3.297;2023-11-24T09:49:48.209800+00:00;humidity;78.90
4858;DHT22;3630;6.540;3.297;2023-11-24T09:49:48.209800+00:00;temperature;31.80
4857;pms5003;3630;6.540;3.297;2023-11-24T09:50:38.933744+00:00;P2;23.00
4857;pms5003;3630;6.540;3.297;2023-11-24T09:50:38.933744+00:00;P1;24.00
4857;pms5003;3630;6.540;3.297;2023-11-24T09:50:38.933744+00:00;P0;16.00
4858;DHT22;3630;6.540;3.297;2023-11-24T09:50:52.082168+00:00;humidity;79.00
4858;DHT22;3630;6.540;3.297;2023-11-24T09:50:52.082168+00:00;temperature;31.90
4857;pms5003;3630;6.540;3.297;2023-11-24T09:51:42.820525+00:00;P2;22.00
4857;pms5003;3630;6.540;3.297;2023-11-24T09:51:42.820525+00:00;P1;24.00
4857;pms5003;3630;6.540;3.297;2023-11-24T09:51:42.820525+00:00;P0;18.00
4858;DHT22;3630;6.540;3.297;2023-11-24T09:51:56.074221+00:00;humidity;78.60
4858;DHT22;3630;6.540;3.297;2023-11-24T09:51:56.074221+00:00;temperature;31.90
4857;pms5003;3630;6.540;3.297;2023-11-24T09:52:46.791859+00:00;P2;27.50
4857;pms5003;3630;6.540;3.297;2023-11-24T09:52:46.791859+00:00;P1;30.25
4857;pms5003;3630;6.540;3.297;2023-11-24T09:52:46.791859+00:00;P0;18.25
4858;DHT22;3630;6.540;3.297;2023-11-24T09:52:59.928487+00:00;humidity;78.60
4858;DHT22;3630;6.540;3.297;2023-11-24T09:52:59.928487+00:00;temperature;31.90
4857;pms5003;3630;6.540;3.297;2023-11-24T10:02:29.351051+00:00;P2;21.33
4857;pms5003;3630;6.540;3.297;2023-11-24T10:02:29.351051+00:00;P1;27.00
4857;pms5003;3630;6.540;3.297;2023-11-24T10:02:29.351051+00:00;P0;15.33
4858;DHT22;3630;6.540;3.297;2023-11-24T10:02:42.501040+00:00;humidity;78.20
4858;DHT22;3630;6.540;3.297;2023-11-24T10:02:42.501040+00:00;temperature;32.00
4857;pms5003;3630;6.540;3.297;2023-11-24T10:03:44.388148+00:00;P2;22.80
4857;pms5003;3630;6.540;3.297;2023-11-24T10:03:44.388148+00:00;P1;24.00
4857;pms5003;3630;6.540;3.297;2023-11-24T10:03:44.388148+00:00;P0;15.60
4858;DHT22;3630;6.540;3.297;2023-11-24T10:03:57.561252+00:00;humidity;78.50
4858;DHT22;3630;6.540;3.297;2023-11-24T10:03:57.561252+00:00;temperature;31.90
4857;pms5003;3630;6.540;3.297;2023-11-24T10:04:48.671286+00:00;P2;24.60
4857;pms5003;3630;6.540;3.297;2023-11-24T10:04:48.671286+00:00;P1;28.20
4857;pms5003;3630;6.540;3.297;2023-11-24T10:04:48.671286+00:00;P0;17.00
4858;DHT22;3630;6.540;3.297;2023-11-24T10:05:01.941584+00:00;humidity;78.60
4858;DHT22;3630;6.540;3.297;2023-11-24T10:05:01.941584+00:00;temperature;32.00
4857;pms5003;3630;6.540;3.297;2023-11-24T10:05:52.861219+00:00;P2;23.00
4857;pms5003;3630;6.540;3.297;2023-11-24T10:05:52.861219+00:00;P1;25.00
4857;pms5003;3630;6.540;3.297;2023-11-24T10:05:52.861219+00:00;P0;16.00
4858;DHT22;3630;6.540;3.297;2023-11-24T10:06:06.116651+00:00;humidity;78.10
4858;DHT22;3630;6.540;3.297;2023-11-24T10:06:06.116651+00:00;temperature;32.10
4857;pms5003;3630;6.540;3.297;2023-11-24T10:06:56.951309+00:00;P2;24.00
4857;pms5003;3630;6.540;3.297;2023-11-24T10:06:56.951309+00:00;P1;26.40
4857;pms5003;3630;6.540;3.297;2023-11-24T10:06:56.951309+00:00;P0;15.60
4858;DHT22;3630;6.540;3.297;2023-11-24T10:07:10.260055+00:00;humidity;77.70
4858;DHT22;3630;6.540;3.297;2023-11-24T10:07:10.260055+00:00;temperature;32.20
4857;pms5003;3630;6.540;3.297;2023-11-24T10:08:18.053012+00:00;P2;27.50
4857;pms5003;3630;6.540;3.297;2023-11-24T10:08:18.053012+00:00;P1;29.50
4857;pms5003;3630;6.540;3.297;2023-11-24T10:08:18.053012+00:00;P0;18.00
4858;DHT22;3630;6.540;3.297;2023-11-24T10:08:28.045807+00:00;humidity;77.80
4858;DHT22;3630;6.540;3.297;2023-11-24T10:08:28.045807+00:00;temperature;32.30
4857;pms5003;3630;6.540;3.297;2023-11-24T10:09:19.371073+00:00;P2;18.67
4857;pms5003;3630;6.540;3.297;2023-11-24T10:09:19.371073+00:00;P1;19.33
4857;pms5003;3630;6.540;3.297;2023-11-24T10:09:19.371073+00:00;P0;13.33
4857;pms5003;3630;6.540;3.297;2023-11-25T05:29:33.417475+00:00;P2;96.40
4857;pms5003;3630;6.540;3.297;2023-11-25T05:29:33.417475+00:00;P1;102.70
4857;pms5003;3630;6.540;3.297;2023-11-25T05:29:33.417475+00:00;P0;63.50
4858;DHT22;3630;6.540;3.297;2023-11-25T05:29:46.602916+00:00;humidity;100.00
4858;DHT22;3630;6.540;3.297;2023-11-25T05:29:46.602916+00:00;temperature;26.00
4857;pms5003;3630;6.540;3.297;2023-11-25T05:30:38.154909+00:00;P2;93.33
4857;pms5003;3630;6.540;3.297;2023-11-25T05:30:38.154909+00:00;P1;96.33
4857;pms5003;3630;6.540;3.297;2023-11-25T05:30:38.154909+00:00;P0;66.33
4858;DHT22;3630;6.540;3.297;2023-11-25T05:30:51.367092+00:00;humidity;100.00
4858;DHT22;3630;6.540;3.297;2023-11-25T05:30:51.367092+00:00;temperature;26.20
4857;pms5003;3630;6.540;3.297;2023-11-25T05:31:42.374224+00:00;P2;87.33
4857;pms5003;3630;6.540;3.297;2023-11-25T05:31:42.374224+00:00;P1;87.67
4857;pms5003;3630;6.540;3.297;2023-11-25T05:31:42.374224+00:00;P0;58.33
4858;DHT22;3630;6.540;3.297;2023-11-25T05:31:55.579702+00:00;humidity;100.00
4858;DHT22;3630;6.540;3.297;2023-11-25T05:31:55.579702+00:00;temperature;26.30
4857;pms5003;3630;6.540;3.297;2023-11-25T05:32:47.453678+00:00;P2;87.00
4857;pms5003;3630;6.540;3.297;2023-11-25T05:32:47.453678+00:00;P1;92.20
4857;pms5003;3630;6.540;3.297;2023-11-25T05:32:47.453678+00:00;P0;55.40
4858;DHT22;3630;6.540;3.297;2023-11-25T05:33:00.655478+00:00;humidity;100.00
4858;DHT22;3630;6.540;3.297;2023-11-25T05:33:00.655478+00:00;temperature;26.40
4857;pms5003;3630;6.540;3.297;2023-11-25T05:33:51.531751+00:00;P2;78.67
4857;pms5003;3630;6.540;3.297;2023-11-25T05:33:51.531751+00:00;P1;88.00
4857;pms5003;3630;6.540;3.297;2023-11-25T05:33:51.531751+00:00;P0;51.00
4858;DHT22;3630;6.540;3.297;2023-11-25T05:34:04.738628+00:00;humidity;100.00
4858;DHT22;3630;6.540;3.297;2023-11-25T05:34:04.738628+00:00;temperature;26.60
4857;pms5003;3630;6.540;3.297;2023-11-25T05:34:56.171625+00:00;P2;86.20
4857;pms5003;3630;6.540;3.297;2023-11-25T05:34:56.171625+00:00;P1;92.00
4857;pms5003;3630;6.540;3.297;2023-11-25T05:34:56.171625+00:00;P0;57.60
4858;DHT22;3630;6.540;3.297;2023-11-25T05:35:09.298001+00:00;humidity;100.00
4858;DHT22;3630;6.540;3.297;2023-11-25T05:35:09.298001+00:00;temperature;26.70
4857;pms5003;3630;6.540;3.297;2023-11-25T05:36:00.218507+00:00;P2;88.00
4857;pms5003;3630;6.540;3.297;2023-11-25T05:36:00.218507+00:00;P1;93.50
4857;pms5003;3630;6.540;3.297;2023-11-25T05:36:00.218507+00:00;P0;61.00
4858;DHT22;3630;6.540;3.297;2023-11-25T05:36:13.518062+00:00;humidity;100.00
4858;DHT22;3630;6.540;3.297;2023-11-25T05:36:13.518062+00:00;temperature;26.80
4857;pms5003;3630;6.540;3.297;2023-11-25T05:37:05.970527+00:00;P2;89.50
4857;pms5003;3630;6.540;3.297;2023-11-25T05:37:05.970527+00:00;P1;93.00
4857;pms5003;3630;6.540;3.297;2023-11-25T05:37:05.970527+00:00;P0;58.50
4858;DHT22;3630;6.540;3.297;2023-11-25T05:37:19.078292+00:00;humidity;100.00
4858;DHT22;3630;6.540;3.297;2023-11-25T05:37:19.078292+00:00;temperature;27.00
4857;pms5003;3630;6.540;3.297;2023-11-25T05:38:09.952829+00:00;P2;82.40
4857;pms5003;3630;6.540;3.297;2023-11-25T05:38:09.952829+00:00;P1;88.60
4857;pms5003;3630;6.540;3.297;2023-11-25T05:38:09.952829+00:00;P0;57.40
4858;DHT22;3630;6.540;3.297;2023-11-25T05:38:23.133288+00:00;humidity;100.00
4858;DHT22;3630;6.540;3.297;2023-11-25T05:38:23.133288+00:00;temperature;27.10
4857;pms5003;3630;6.540;3.297;2023-11-25T05:39:13.992776+00:00;P2;71.67
4857;pms5003;3630;6.540;3.297;2023-11-25T05:39:13.992776+00:00;P1;78.33
4857;pms5003;3630;6.540;3.297;2023-11-25T05:39:13.992776+00:00;P0;49.00
4858;DHT22;3630;6.540;3.297;2023-11-25T05:39:27.173029+00:00;humidity;100.00
4858;DHT22;3630;6.540;3.297;2023-11-25T05:39:27.173029+00:00;temperature;27.20
4857;pms5003;3630;6.540;3.297;2023-11-25T05:40:20.437061+00:00;P2;70.00
4857;pms5003;3630;6.540;3.297;2023-11-25T05:40:20.437061+00:00;P1;80.00
4857;pms5003;3630;6.540;3.297;2023-11-25T05:40:20.437061+00:00;P0;51.00
4858;DHT22;3630;6.540;3.297;2023-11-25T05:40:33.637448+00:00;humidity;100.00
4858;DHT22;3630;6.540;3.297;2023-11-25T05:40:33.637448+00:00;temperature;27.30
4857;pms5003;3630;6.540;3.297;2023-11-25T07:27:11.589546+00:00;P2;12.07
4857;pms5003;3630;6.540;3.297;2023-11-25T07:27:11.589546+00:00;P1;13.21
4857;pms5003;3630;6.540;3.297;2023-11-25T07:27:11.589546+00:00;P0;8.79
4858;DHT22;3630;6.540;3.297;2023-11-25T07:27:24.980046+00:00;humidity;76.10
4858;DHT22;3630;6.540;3.297;2023-11-25T07:27:24.980046+00:00;temperature;31.90
4857;pms5003;3630;6.540;3.297;2023-11-25T07:28:20.553710+00:00;P2;10.50
4857;pms5003;3630;6.540;3.297;2023-11-25T07:28:20.553710+00:00;P1;12.00
4857;pms5003;3630;6.540;3.297;2023-11-25T07:28:20.553710+00:00;P0;7.25
4858;DHT22;3630;6.540;3.297;2023-11-25T07:28:34.018044+00:00;humidity;75.40
4858;DHT22;3630;6.540;3.297;2023-11-25T07:28:34.018044+00:00;temperature;32.10
4857;pms5003;3630;6.540;3.297;2023-11-25T07:29:25.289819+00:00;P2;13.67
4857;pms5003;3630;6.540;3.297;2023-11-25T07:29:25.289819+00:00;P1;15.67
4857;pms5003;3630;6.540;3.297;2023-11-25T07:29:25.289819+00:00;P0;9.67
4858;DHT22;3630;6.540;3.297;2023-11-25T07:29:38.760667+00:00;humidity;75.90
4858;DHT22;3630;6.540;3.297;2023-11-25T07:29:38.760667+00:00;temperature;32.30
4857;pms5003;3630;6.540;3.297;2023-11-25T07:30:31.391166+00:00;P2;12.33
4857;pms5003;3630;6.540;3.297;2023-11-25T07:30:31.391166+00:00;P1;13.00
4857;pms5003;3630;6.540;3.297;2023-11-25T07:30:31.391166+00:00;P0;9.00
4858;DHT22;3630;6.540;3.297;2023-11-25T07:30:44.694532+00:00;humidity;75.20
4858;DHT22;3630;6.540;3.297;2023-11-25T07:30:44.694532+00:00;temperature;32.20
4857;pms5003;3630;6.540;3.297;2023-11-25T07:31:36.053704+00:00;P2;13.00
4857;pms5003;3630;6.540;3.297;2023-11-25T07:31:36.053704+00:00;P1;13.00
4857;pms5003;3630;6.540;3.297;2023-11-25T07:31:36.053704+00:00;P0;9.00
4858;DHT22;3630;6.540;3.297;2023-11-25T07:31:49.251560+00:00;humidity;74.70
4858;DHT22;3630;6.540;3.297;2023-11-25T07:31:49.251560+00:00;temperature;32.20
4857;pms5003;3630;6.540;3.297;2023-11-25T07:47:51.466408+00:00;P2;6.31
4857;pms5003;3630;6.540;3.297;2023-11-25T07:47:51.466408+00:00;P1;7.46
4857;pms5003;3630;6.540;3.297;2023-11-25T07:47:51.466408+00:00;P0;4.23
4858;DHT22;3630;6.540;3.297;2023-11-25T07:48:04.995695+00:00;humidity;74.80
4858;DHT22;3630;6.540;3.297;2023-11-25T07:48:04.995695+00:00;temperature;31.50
4857;pms5003;3630;6.540;3.297;2023-11-25T07:49:01.419767+00:00;P2;9.00
4857;pms5003;3630;6.540;3.297;2023-11-25T07:49:01.419767+00:00;P1;10.00
4857;pms5003;3630;6.540;3.297;2023-11-25T07:49:01.419767+00:00;P0;7.00
4858;DHT22;3630;6.540;3.297;2023-11-25T07:49:15.847203+00:00;humidity;75.20
4858;DHT22;3630;6.540;3.297;2023-11-25T07:49:15.847203+00:00;temperature;31.70
4857;pms5003;3630;6.540;3.297;2023-11-25T07:50:08.251894+00:00;P2;8.00
4857;pms5003;3630;6.540;3.297;2023-11-25T07:50:08.251894+00:00;P1;8.00
4857;pms5003;3630;6.540;3.297;2023-11-25T07:50:08.251894+00:00;P0;5.00
4858;DHT22;3630;6.540;3.297;2023-11-25T07:50:23.548770+00:00;humidity;74.80
4858;DHT22;3630;6.540;3.297;2023-11-25T07:50:23.548770+00:00;temperature;32.10
4857;pms5003;3630;6.540;3.297;2023-11-25T07:51:14.635213+00:00;P2;8.00
4857;pms5003;3630;6.540;3.297;2023-11-25T07:51:14.635213+00:00;P1;10.00
4857;pms5003;3630;6.540;3.297;2023-11-25T07:51:14.635213+00:00;P0;6.00
4858;DHT22;3630;6.540;3.297;2023-11-25T07:51:27.959213+00:00;humidity;73.10
4858;DHT22;3630;6.540;3.297;2023-11-25T07:51:27.959213+00:00;temperature;32.60
4857;pms5003;3630;6.540;3.297;2023-11-25T07:52:19.191865+00:00;P2;7.00
4857;pms5003;3630;6.540;3.297;2023-11-25T07:52:19.191865+00:00;P1;8.00
4857;pms5003;3630;6.540;3.297;2023-11-25T07:52:19.191865+00:00;P0;4.00
4858;DHT22;3630;6.540;3.297;2023-11-25T07:52:35.896204+00:00;humidity;71.00
4858;DHT22;3630;6.540;3.297;2023-11-25T07:52:35.896204+00:00;temperature;33.00
4857;pms5003;3630;6.540;3.297;2023-11-25T07:53:27.311528+00:00;P2;9.67
4857;pms5003;3630;6.540;3.297;2023-11-25T07:53:27.311528+00:00;P1;9.67
4857;pms5003;3630;6.540;3.297;2023-11-25T07:53:27.311528+00:00;P0;6.67
4858;DHT22;3630;6.540;3.297;2023-11-25T07:53:40.532233+00:00;humidity;69.70
4858;DHT22;3630;6.540;3.297;2023-11-25T07:53:40.532233+00:00;temperature;33.30
4857;pms5003;3630;6.540;3.297;2023-11-25T07:54:32.856832+00:00;P2;11.00
4857;pms5003;3630;6.540;3.297;2023-11-25T07:54:32.856832+00:00;P1;12.00
4857;pms5003;3630;6.540;3.297;2023-11-25T07:54:32.856832+00:00;P0;8.00
4858;DHT22;3630;6.540;3.297;2023-11-25T07:54:48.947993+00:00;humidity;69.40
4858;DHT22;3630;6.540;3.297;2023-11-25T07:54:48.947993+00:00;temperature;33.50
4857;pms5003;3630;6.540;3.297;2023-11-25T07:55:40.199495+00:00;P2;5.25
4857;pms5003;3630;6.540;3.297;2023-11-25T07:55:40.199495+00:00;P1;5.25
4857;pms5003;3630;6.540;3.297;2023-11-25T07:55:40.199495+00:00;P0;4.00
4858;DHT22;3630;6.540;3.297;2023-11-25T07:55:53.487106+00:00;humidity;69.80
4858;DHT22;3630;6.540;3.297;2023-11-25T07:55:53.487106+00:00;temperature;33.50
4857;pms5003;3630;6.540;3.297;2023-11-25T07:56:44.457952+00:00;P2;5.33
4857;pms5003;3630;6.540;3.297;2023-11-25T07:56:44.457952+00:00;P1;6.33
4857;pms5003;3630;6.540;3.297;2023-11-25T07:56:44.457952+00:00;P0;4.00
4858;DHT22;3630;6.540;3.297;2023-11-25T07:56:57.754234+00:00;humidity;68.90
4858;DHT22;3630;6.540;3.297;2023-11-25T07:56:57.754234+00:00;temperature;33.30
4857;pms5003;3630;6.540;3.297;2023-11-26T05:39:12.754782+00:00;P2;36.31
4857;pms5003;3630;6.540;3.297;2023-11-26T05:39:12.754782+00:00;P1;42.62
4857;pms5003;3630;6.540;3.297;2023-11-26T05:39:12.754782+00:00;P0;24.08
4858;DHT22;3630;6.540;3.297;2023-11-26T05:39:25.819854+00:00;humidity;100.00
4858;DHT22;3630;6.540;3.297;2023-11-26T05:39:25.819854+00:00;temperature;25.80
4857;pms5003;3630;6.540;3.297;2023-11-26T05:40:17.436776+00:00;P2;37.00
4857;pms5003;3630;6.540;3.297;2023-11-26T05:40:17.436776+00:00;P1;44.00
4857;pms5003;3630;6.540;3.297;2023-11-26T05:40:17.436776+00:00;P0;24.00
4857;pms5003;3630;6.540;3.297;2023-11-26T05:55:03.155715+00:00;P2;29.50
4857;pms5003;3630;6.540;3.297;2023-11-26T05:55:03.155715+00:00;P1;31.00
4857;pms5003;3630;6.540;3.297;2023-11-26T05:55:03.155715+00:00;P0;21.50
4857;pms5003;3630;6.540;3.297;2023-11-26T08:24:35.933160+00:00;P2;40.38
4857;pms5003;3630;6.540;3.297;2023-11-26T08:24:35.933160+00:00;P1;47.77
4857;pms5003;3630;6.540;3.297;2023-11-26T08:24:35.933160+00:00;P0;27.62
4858;DHT22;3630;6.540;3.297;2023-11-26T08:24:49.033874+00:00;humidity;89.40
4858;DHT22;3630;6.540;3.297;2023-11-26T08:24:49.033874+00:00;temperature;28.20
4857;pms5003;3630;6.540;3.297;2023-11-26T08:25:45.976590+00:00;P2;44.00
4857;pms5003;3630;6.540;3.297;2023-11-26T08:25:45.976590+00:00;P1;52.50
4857;pms5003;3630;6.540;3.297;2023-11-26T08:25:45.976590+00:00;P0;30.00
4858;DHT22;3630;6.540;3.297;2023-11-26T08:25:59.032740+00:00;humidity;87.90
4858;DHT22;3630;6.540;3.297;2023-11-26T08:25:59.032740+00:00;temperature;28.90
4857;pms5003;3630;6.540;3.297;2023-11-26T08:26:51.676388+00:00;P2;38.33
4857;pms5003;3630;6.540;3.297;2023-11-26T08:26:51.676388+00:00;P1;44.67
4857;pms5003;3630;6.540;3.297;2023-11-26T08:26:51.676388+00:00;P0;25.67
4858;DHT22;3630;6.540;3.297;2023-11-26T08:27:04.873120+00:00;humidity;86.50
4858;DHT22;3630;6.540;3.297;2023-11-26T08:27:04.873120+00:00;temperature;29.20
4857;pms5003;3630;6.540;3.297;2023-11-26T08:28:05.635462+00:00;P2;37.50
4857;pms5003;3630;6.540;3.297;2023-11-26T08:28:05.635462+00:00;P1;44.50
4857;pms5003;3630;6.540;3.297;2023-11-26T08:28:05.635462+00:00;P0;25.00
4858;DHT22;3630;6.540;3.297;2023-11-26T08:28:18.812713+00:00;humidity;85.30
4858;DHT22;3630;6.540;3.297;2023-11-26T08:28:18.812713+00:00;temperature;29.50
4857;pms5003;3630;6.540;3.297;2023-11-26T08:29:10.936709+00:00;P2;38.50
4857;pms5003;3630;6.540;3.297;2023-11-26T08:29:10.936709+00:00;P1;45.25
4857;pms5003;3630;6.540;3.297;2023-11-26T08:29:10.936709+00:00;P0;25.00
4858;DHT22;3630;6.540;3.297;2023-11-26T08:29:24.120715+00:00;humidity;84.00
4858;DHT22;3630;6.540;3.297;2023-11-26T08:29:24.120715+00:00;temperature;29.60
4857;pms5003;3630;6.540;3.297;2023-11-26T08:30:15.067739+00:00;P2;31.75
4857;pms5003;3630;6.540;3.297;2023-11-26T08:30:15.067739+00:00;P1;34.75
4857;pms5003;3630;6.540;3.297;2023-11-26T08:30:15.067739+00:00;P0;22.25
4858;DHT22;3630;6.540;3.297;2023-11-26T08:30:28.275756+00:00;humidity;83.10
4858;DHT22;3630;6.540;3.297;2023-11-26T08:30:28.275756+00:00;temperature;29.70
4857;pms5003;3630;6.540;3.297;2023-11-26T08:31:41.496780+00:00;P2;35.33
4857;pms5003;3630;6.540;3.297;2023-11-26T08:31:41.496780+00:00;P1;42.33
4857;pms5003;3630;6.540;3.297;2023-11-26T08:31:41.496780+00:00;P0;24.00
4858;DHT22;3630;6.540;3.297;2023-11-26T08:31:54.598921+00:00;humidity;82.40
4858;DHT22;3630;6.540;3.297;2023-11-26T08:31:54.598921+00:00;temperature;29.80
4858;DHT22;3630;6.540;3.297;2023-11-26T08:37:54.878445+00:00;humidity;81.80
4858;DHT22;3630;6.540;3.297;2023-11-26T08:37:54.878445+00:00;temperature;30.00
4857;pms5003;3630;6.540;3.297;2023-11-26T08:39:09.758988+00:00;P2;25.50
4857;pms5003;3630;6.540;3.297;2023-11-26T08:39:09.758988+00:00;P1;28.50
4857;pms5003;3630;6.540;3.297;2023-11-26T08:39:09.758988+00:00;P0;17.00
4858;DHT22;3630;6.540;3.297;2023-11-26T08:39:22.522310+00:00;humidity;79.50
4858;DHT22;3630;6.540;3.297;2023-11-26T08:39:22.522310+00:00;temperature;30.50
4857;pms5003;3630;6.540;3.297;2023-11-26T08:40:17.013884+00:00;P2;32.00
4857;pms5003;3630;6.540;3.297;2023-11-26T08:40:17.013884+00:00;P1;36.25
4857;pms5003;3630;6.540;3.297;2023-11-26T08:40:17.013884+00:00;P0;21.75
4858;DHT22;3630;6.540;3.297;2023-11-26T08:40:30.214822+00:00;humidity;78.00
4858;DHT22;3630;6.540;3.297;2023-11-26T08:40:30.214822+00:00;temperature;30.70
4857;pms5003;3630;6.540;3.297;2023-11-26T08:41:21.178551+00:00;P2;25.80
4857;pms5003;3630;6.540;3.297;2023-11-26T08:41:21.178551+00:00;P1;25.80
4857;pms5003;3630;6.540;3.297;2023-11-26T08:41:21.178551+00:00;P0;20.40
4858;DHT22;3630;6.540;3.297;2023-11-26T08:41:34.398125+00:00;humidity;77.70
4858;DHT22;3630;6.540;3.297;2023-11-26T08:41:34.398125+00:00;temperature;30.80
4857;pms5003;3630;6.540;3.297;2023-11-26T08:42:26.617352+00:00;P2;25.33
4857;pms5003;3630;6.540;3.297;2023-11-26T08:42:26.617352+00:00;P1;26.67
4857;pms5003;3630;6.540;3.297;2023-11-26T08:42:26.617352+00:00;P0;19.33
4858;DHT22;3630;6.540;3.297;2023-11-26T08:42:42.982980+00:00;humidity;78.10
4858;DHT22;3630;6.540;3.297;2023-11-26T08:42:42.982980+00:00;temperature;30.70
4857;pms5003;3630;6.540;3.297;2023-11-26T08:43:36.316685+00:00;P2;27.50
4857;pms5003;3630;6.540;3.297;2023-11-26T08:43:36.316685+00:00;P1;30.50
4857;pms5003;3630;6.540;3.297;2023-11-26T08:43:36.316685+00:00;P0;19.50
4857;pms5003;3630;6.540;3.297;2023-11-26T09:27:34.515618+00:00;P2;28.07
4857;pms5003;3630;6.540;3.297;2023-11-26T09:27:34.515618+00:00;P1;31.71
4857;pms5003;3630;6.540;3.297;2023-11-26T09:27:34.515618+00:00;P0;19.00
4858;DHT22;3630;6.540;3.297;2023-11-26T09:27:47.627107+00:00;humidity;93.30
4858;DHT22;3630;6.540;3.297;2023-11-26T09:27:47.627107+00:00;temperature;27.30
4858;DHT22;3630;6.540;3.297;2023-11-26T09:33:50.047220+00:00;humidity;93.70
4858;DHT22;3630;6.540;3.297;2023-11-26T09:33:50.047220+00:00;temperature;26.60
4857;pms5003;3630;6.540;3.297;2023-11-26T12:58:25.566107+00:00;P2;25.67
4857;pms5003;3630;6.540;3.297;2023-11-26T12:58:25.566107+00:00;P1;27.00
4857;pms5003;3630;6.540;3.297;2023-11-26T12:58:25.566107+00:00;P0;17.89
4858;DHT22;3630;6.540;3.297;2023-11-26T12:58:39.307531+00:00;humidity;100.00
4858;DHT22;3630;6.540;3.297;2023-11-26T12:58:39.307531+00:00;temperature;25.80
4857;pms5003;3630;6.540;3.297;2023-11-26T12:59:34.977673+00:00;P2;31.00
4857;pms5003;3630;6.540;3.297;2023-11-26T12:59:34.977673+00:00;P1;31.50
4857;pms5003;3630;6.540;3.297;2023-11-26T12:59:34.977673+00:00;P0;20.00
4858;DHT22;3630;6.540;3.297;2023-11-26T12:59:48.435845+00:00;humidity;100.00
4858;DHT22;3630;6.540;3.297;2023-11-26T12:59:48.435845+00:00;temperature;25.90
4857;pms5003;3630;6.540;3.297;2023-11-26T13:09:03.878405+00:00;P2;21.58
4857;pms5003;3630;6.540;3.297;2023-11-26T13:09:03.878405+00:00;P1;23.00
4857;pms5003;3630;6.540;3.297;2023-11-26T13:09:03.878405+00:00;P0;16.00
4857;pms5003;3630;6.540;3.297;2023-11-26T13:09:50.858747+00:00;P2;20.00
4857;pms5003;3630;6.540;3.297;2023-11-26T13:09:50.858747+00:00;P1;21.00
4857;pms5003;3630;6.540;3.297;2023-11-26T13:09:50.858747+00:00;P0;13.00
4858;DHT22;3630;6.540;3.297;2023-11-26T13:10:04.267174+00:00;humidity;97.80
4858;DHT22;3630;6.540;3.297;2023-11-26T13:10:04.267174+00:00;temperature;26.30
4857;pms5003;3630;6.540;3.297;2023-11-26T13:10:55.807209+00:00;P2;16.25
4857;pms5003;3630;6.540;3.297;2023-11-26T13:10:55.807209+00:00;P1;17.00
4857;pms5003;3630;6.540;3.297;2023-11-26T13:10:55.807209+00:00;P0;14.25
4858;DHT22;3630;6.540;3.297;2023-11-26T13:11:09.178268+00:00;humidity;97.50
4858;DHT22;3630;6.540;3.297;2023-11-26T13:11:09.178268+00:00;temperature;26.40
4857;pms5003;3630;6.540;3.297;2023-11-26T13:12:03.665627+00:00;P2;16.50
4857;pms5003;3630;6.540;3.297;2023-11-26T13:12:03.665627+00:00;P1;18.50
4857;pms5003;3630;6.540;3.297;2023-11-26T13:12:03.665627+00:00;P0;12.00
4857;pms5003;3630;6.540;3.297;2023-11-26T13:13:23.199796+00:00;P2;12.00
4857;pms5003;3630;6.540;3.297;2023-11-26T13:13:23.199796+00:00;P1;12.50
4857;pms5003;3630;6.540;3.297;2023-11-26T13:13:23.199796+00:00;P0;8.00
4858;DHT22;3630;6.540;3.297;2023-11-26T13:13:36.620375+00:00;humidity;95.70
4858;DHT22;3630;6.540;3.297;2023-11-26T13:13:36.620375+00:00;temperature;26.50
4857;pms5003;3630;6.540;3.297;2023-11-26T13:14:51.856395+00:00;P2;18.00
4857;pms5003;3630;6.540;3.297;2023-11-26T13:14:51.856395+00:00;P1;19.00
4857;pms5003;3630;6.540;3.297;2023-11-26T13:14:51.856395+00:00;P0;13.75
4858;DHT22;3630;6.540;3.297;2023-11-26T13:15:05.182330+00:00;humidity;96.10
4858;DHT22;3630;6.540;3.297;2023-11-26T13:15:05.182330+00:00;temperature;26.50
4857;pms5003;3630;6.540;3.297;2023-11-26T13:15:57.548139+00:00;P2;20.00
4857;pms5003;3630;6.540;3.297;2023-11-26T13:15:57.548139+00:00;P1;22.20
4857;pms5003;3630;6.540;3.297;2023-11-26T13:15:57.548139+00:00;P0;13.80
4858;DHT22;3630;6.540;3.297;2023-11-26T13:16:11.052060+00:00;humidity;96.20
4858;DHT22;3630;6.540;3.297;2023-11-26T13:16:11.052060+00:00;temperature;26.70
4858;DHT22;3630;6.540;3.297;2023-11-26T13:22:14.023063+00:00;humidity;95.90
4858;DHT22;3630;6.540;3.297;2023-11-26T13:22:14.023063+00:00;temperature;26.80
4857;pms5003;3630;6.540;3.297;2023-11-26T13:23:05.530810+00:00;P2;32.00
4857;pms5003;3630;6.540;3.297;2023-11-26T13:23:05.530810+00:00;P1;33.00
4857;pms5003;3630;6.540;3.297;2023-11-26T13:23:05.530810+00:00;P0;21.00
4857;pms5003;3630;6.540;3.297;2023-11-26T13:49:48.526588+00:00;P2;32.77
4857;pms5003;3630;6.540;3.297;2023-11-26T13:49:48.526588+00:00;P1;35.00
4857;pms5003;3630;6.540;3.297;2023-11-26T13:49:48.526588+00:00;P0;22.62
4857;pms5003;3630;6.540;3.297;2023-11-26T13:50:37.626981+00:00;P2;29.00
4857;pms5003;3630;6.540;3.297;2023-11-26T13:50:37.626981+00:00;P1;29.50
4857;pms5003;3630;6.540;3.297;2023-11-26T13:50:37.626981+00:00;P0;19.25
4858;DHT22;3630;6.540;3.297;2023-11-26T13:50:51.358810+00:00;humidity;92.60
4858;DHT22;3630;6.540;3.297;2023-11-26T13:50:51.358810+00:00;temperature;27.20
4857;pms5003;3630;6.540;3.297;2023-11-26T14:08:54.605122+00:00;P2;44.89
4857;pms5003;3630;6.540;3.297;2023-11-26T14:08:54.605122+00:00;P1;52.89
4857;pms5003;3630;6.540;3.297;2023-11-26T14:08:54.605122+00:00;P0;29.89
4858;DHT22;3630;6.540;3.297;2023-11-26T14:09:21.931851+00:00;humidity;93.20
4858;DHT22;3630;6.540;3.297;2023-11-26T14:09:21.931851+00:00;temperature;26.80
4857;pms5003;3630;6.540;3.297;2023-11-26T14:09:58.839161+00:00;P2;44.50
4857;pms5003;3630;6.540;3.297;2023-11-26T14:09:58.839161+00:00;P1;53.50
4857;pms5003;3630;6.540;3.297;2023-11-26T14:09:58.839161+00:00;P0;29.00
4858;DHT22;3630;6.540;3.297;2023-11-26T14:10:12.252481+00:00;humidity;93.50
4858;DHT22;3630;6.540;3.297;2023-11-26T14:10:12.252481+00:00;temperature;26.90
4858;DHT22;3630;6.540;3.297;2023-11-26T14:56:28.790623+00:00;humidity;94.70
4858;DHT22;3630;6.540;3.297;2023-11-26T14:56:28.790623+00:00;temperature;26.90
4857;pms5003;3630;6.540;3.297;2023-11-26T16:14:13.236069+00:00;P2;19.43
4857;pms5003;3630;6.540;3.297;2023-11-26T16:14:13.236069+00:00;P1;19.93
4857;pms5003;3630;6.540;3.297;2023-11-26T16:14:13.236069+00:00;P0;14.21
4858;DHT22;3630;6.540;3.297;2023-11-26T16:14:26.281058+00:00;humidity;90.10
4858;DHT22;3630;6.540;3.297;2023-11-26T16:14:26.281058+00:00;temperature;27.70
4857;pms5003;3630;6.540;3.297;2023-11-26T16:15:17.575890+00:00;P2;14.75
4857;pms5003;3630;6.540;3.297;2023-11-26T16:15:17.575890+00:00;P1;14.75
4857;pms5003;3630;6.540;3.297;2023-11-26T16:15:17.575890+00:00;P0;10.25
4857;pms5003;3630;6.540;3.297;2023-11-26T17:28:07.234058+00:00;P2;12.90
4857;pms5003;3630;6.540;3.297;2023-11-26T17:28:07.234058+00:00;P1;13.90
4857;pms5003;3630;6.540;3.297;2023-11-26T17:28:07.234058+00:00;P0;10.10
4858;DHT22;3630;6.540;3.297;2023-11-26T17:28:20.266374+00:00;humidity;89.40
4858;DHT22;3630;6.540;3.297;2023-11-26T17:28:20.266374+00:00;temperature;26.50
4857;pms5003;3630;6.540;3.297;2023-11-26T17:29:11.286624+00:00;P2;13.50
4857;pms5003;3630;6.540;3.297;2023-11-26T17:29:11.286624+00:00;P1;14.00
4857;pms5003;3630;6.540;3.297;2023-11-26T17:29:11.286624+00:00;P0;10.00
4858;DHT22;3630;6.540;3.297;2023-11-26T17:29:24.488253+00:00;humidity;89.10
4858;DHT22;3630;6.540;3.297;2023-11-26T17:29:24.488253+00:00;temperature;26.70
4857;pms5003;3630;6.540;3.297;2023-11-26T17:30:15.228428+00:00;P2;12.50
4857;pms5003;3630;6.540;3.297;2023-11-26T17:30:15.228428+00:00;P1;13.50
4857;pms5003;3630;6.540;3.297;2023-11-26T17:30:15.228428+00:00;P0;8.00
4858;DHT22;3630;6.540;3.297;2023-11-26T17:34:24.075307+00:00;humidity;88.60
4858;DHT22;3630;6.540;3.297;2023-11-26T17:34:24.075307+00:00;temperature;26.80
4857;pms5003;3630;6.540;3.297;2023-11-26T17:35:14.044348+00:00;P2;24.00
4857;pms5003;3630;6.540;3.297;2023-11-26T17:35:14.044348+00:00;P1;24.00
4857;pms5003;3630;6.540;3.297;2023-11-26T17:35:14.044348+00:00;P0;17.00
4857;pms5003;3630;6.540;3.297;2023-11-27T05:31:58.473244+00:00;P2;45.30
4857;pms5003;3630;6.540;3.297;2023-11-27T05:31:58.473244+00:00;P1;55.10
4857;pms5003;3630;6.540;3.297;2023-11-27T05:31:58.473244+00:00;P0;28.60
4858;DHT22;3630;6.540;3.297;2023-11-27T05:32:11.505537+00:00;humidity;100.00
4858;DHT22;3630;6.540;3.297;2023-11-27T05:32:11.505537+00:00;temperature;24.60
4857;pms5003;3630;6.540;3.297;2023-11-27T05:33:03.951735+00:00;P2;44.67
4857;pms5003;3630;6.540;3.297;2023-11-27T05:33:03.951735+00:00;P1;56.33
4857;pms5003;3630;6.540;3.297;2023-11-27T05:33:03.951735+00:00;P0;29.00
4858;DHT22;3630;6.540;3.297;2023-11-27T05:33:17.076447+00:00;humidity;100.00
4858;DHT22;3630;6.540;3.297;2023-11-27T05:33:17.076447+00:00;temperature;24.80
4857;pms5003;3630;6.540;3.297;2023-11-27T05:34:08.274098+00:00;P2;38.00
4857;pms5003;3630;6.540;3.297;2023-11-27T05:34:08.274098+00:00;P1;46.33
4857;pms5003;3630;6.540;3.297;2023-11-27T05:34:08.274098+00:00;P0;23.00
4858;DHT22;3630;6.540;3.297;2023-11-27T05:34:21.393316+00:00;humidity;100.00
4858;DHT22;3630;6.540;3.297;2023-11-27T05:34:21.393316+00:00;temperature;24.90
4857;pms5003;3630;6.540;3.297;2023-11-27T05:35:12.634613+00:00;P2;64.00
4857;pms5003;3630;6.540;3.297;2023-11-27T05:35:12.634613+00:00;P1;74.00
4857;pms5003;3630;6.540;3.297;2023-11-27T05:35:12.634613+00:00;P0;44.00
4858;DHT22;3630;6.540;3.297;2023-11-27T05:35:25.696250+00:00;humidity;100.00
4858;DHT22;3630;6.540;3.297;2023-11-27T05:35:25.696250+00:00;temperature;25.10
4857;pms5003;3630;6.540;3.297;2023-11-27T05:36:16.473481+00:00;P2;49.67
4857;pms5003;3630;6.540;3.297;2023-11-27T05:36:16.473481+00:00;P1;60.00
4857;pms5003;3630;6.540;3.297;2023-11-27T05:36:16.473481+00:00;P0;32.00
4858;DHT22;3630;6.540;3.297;2023-11-27T05:36:29.651876+00:00;humidity;100.00
4858;DHT22;3630;6.540;3.297;2023-11-27T05:36:29.651876+00:00;temperature;25.20
4857;pms5003;3630;6.540;3.297;2023-11-27T05:37:20.373843+00:00;P2;43.67
4857;pms5003;3630;6.540;3.297;2023-11-27T05:37:20.373843+00:00;P1;51.00
4857;pms5003;3630;6.540;3.297;2023-11-27T05:37:20.373843+00:00;P0;28.00
4858;DHT22;3630;6.540;3.297;2023-11-27T05:37:33.468005+00:00;humidity;100.00
4858;DHT22;3630;6.540;3.297;2023-11-27T05:37:33.468005+00:00;temperature;25.30
4857;pms5003;3630;6.540;3.297;2023-11-27T05:38:24.711084+00:00;P2;44.75
4857;pms5003;3630;6.540;3.297;2023-11-27T05:38:24.711084+00:00;P1;54.75
4857;pms5003;3630;6.540;3.297;2023-11-27T05:38:24.711084+00:00;P0;23.50
4858;DHT22;3630;6.540;3.297;2023-11-27T05:38:37.990994+00:00;humidity;100.00
4858;DHT22;3630;6.540;3.297;2023-11-27T05:38:37.990994+00:00;temperature;25.40
4857;pms5003;3630;6.540;3.297;2023-11-27T05:39:28.771885+00:00;P2;44.25
4857;pms5003;3630;6.540;3.297;2023-11-27T05:39:28.771885+00:00;P1;54.25
4857;pms5003;3630;6.540;3.297;2023-11-27T05:39:28.771885+00:00;P0;29.00
4858;DHT22;3630;6.540;3.297;2023-11-27T05:39:41.916080+00:00;humidity;100.00
4858;DHT22;3630;6.540;3.297;2023-11-27T05:39:41.916080+00:00;temperature;25.60
4857;pms5003;3630;6.540;3.297;2023-11-27T05:40:35.151688+00:00;P2;49.00
4857;pms5003;3630;6.540;3.297;2023-11-27T05:40:35.151688+00:00;P1;59.00
4857;pms5003;3630;6.540;3.297;2023-11-27T05:40:35.151688+00:00;P0;31.00
4858;DHT22;3630;6.540;3.297;2023-11-27T05:40:48.210436+00:00;humidity;100.00
4858;DHT22;3630;6.540;3.297;2023-11-27T05:40:48.210436+00:00;temperature;25.60
4857;pms5003;3630;6.540;3.297;2023-11-27T05:41:46.790591+00:00;P2;52.00
4857;pms5003;3630;6.540;3.297;2023-11-27T05:41:46.790591+00:00;P1;64.67
4857;pms5003;3630;6.540;3.297;2023-11-27T05:41:46.790591+00:00;P0;33.33
4857;pms5003;3630;6.540;3.297;2023-11-27T07:54:00.219732+00:00;P2;42.00
4857;pms5003;3630;6.540;3.297;2023-11-27T07:54:00.219732+00:00;P1;49.83
4857;pms5003;3630;6.540;3.297;2023-11-27T07:54:00.219732+00:00;P0;26.42
4858;DHT22;3630;6.540;3.297;2023-11-27T07:54:13.258571+00:00;humidity;87.50
4858;DHT22;3630;6.540;3.297;2023-11-27T07:54:13.258571+00:00;temperature;28.30
4857;pms5003;3630;6.540;3.297;2023-11-27T07:55:04.580011+00:00;P2;42.00
4857;pms5003;3630;6.540;3.297;2023-11-27T07:55:04.580011+00:00;P1;52.00
4857;pms5003;3630;6.540;3.297;2023-11-27T07:55:04.580011+00:00;P0;28.00
4858;DHT22;3630;6.540;3.297;2023-11-27T07:55:17.717639+00:00;humidity;85.50
4858;DHT22;3630;6.540;3.297;2023-11-27T07:55:17.717639+00:00;temperature;28.90
4857;pms5003;3630;6.540;3.297;2023-11-27T07:56:10.065643+00:00;P2;40.50
4857;pms5003;3630;6.540;3.297;2023-11-27T07:56:10.065643+00:00;P1;47.50
4857;pms5003;3630;6.540;3.297;2023-11-27T07:56:10.065643+00:00;P0;25.50
4858;DHT22;3630;6.540;3.297;2023-11-27T07:56:23.200506+00:00;humidity;85.10
4858;DHT22;3630;6.540;3.297;2023-11-27T07:56:23.200506+00:00;temperature;29.30
4857;pms5003;3630;6.540;3.297;2023-11-27T07:57:14.878666+00:00;P2;36.25
4857;pms5003;3630;6.540;3.297;2023-11-27T07:57:14.878666+00:00;P1;42.50
4857;pms5003;3630;6.540;3.297;2023-11-27T07:57:14.878666+00:00;P0;24.75
4858;DHT22;3630;6.540;3.297;2023-11-27T07:57:28.010049+00:00;humidity;83.50
4858;DHT22;3630;6.540;3.297;2023-11-27T07:57:28.010049+00:00;temperature;29.60
4857;pms5003;3630;6.540;3.297;2023-11-27T07:58:18.766164+00:00;P2;33.50
4857;pms5003;3630;6.540;3.297;2023-11-27T07:58:18.766164+00:00;P1;42.50
4857;pms5003;3630;6.540;3.297;2023-11-27T07:58:18.766164+00:00;P0;22.00
4858;DHT22;3630;6.540;3.297;2023-11-27T07:58:31.897809+00:00;humidity;80.40
4858;DHT22;3630;6.540;3.297;2023-11-27T07:58:31.897809+00:00;temperature;29.80
4857;pms5003;3630;6.540;3.297;2023-11-27T07:59:23.920247+00:00;P2;33.00
4857;pms5003;3630;6.540;3.297;2023-11-27T07:59:23.920247+00:00;P1;38.00
4857;pms5003;3630;6.540;3.297;2023-11-27T07:59:23.920247+00:00;P0;22.00
4858;DHT22;3630;6.540;3.297;2023-11-27T07:59:36.962871+00:00;humidity;80.90
4858;DHT22;3630;6.540;3.297;2023-11-27T07:59:36.962871+00:00;temperature;30.00
4857;pms5003;3630;6.540;3.297;2023-11-27T08:00:30.544339+00:00;P2;42.50
4857;pms5003;3630;6.540;3.297;2023-11-27T08:00:30.544339+00:00;P1;49.75
4857;pms5003;3630;6.540;3.297;2023-11-27T08:00:30.544339+00:00;P0;26.25
4858;DHT22;3630;6.540;3.297;2023-11-27T08:00:43.758736+00:00;humidity;78.90
4858;DHT22;3630;6.540;3.297;2023-11-27T08:00:43.758736+00:00;temperature;30.00
4857;pms5003;3630;6.540;3.297;2023-11-27T08:01:34.482585+00:00;P2;36.00
4857;pms5003;3630;6.540;3.297;2023-11-27T08:01:34.482585+00:00;P1;44.00
4857;pms5003;3630;6.540;3.297;2023-11-27T08:01:34.482585+00:00;P0;23.00
4858;DHT22;3630;6.540;3.297;2023-11-27T08:01:47.619240+00:00;humidity;79.20
4858;DHT22;3630;6.540;3.297;2023-11-27T08:01:47.619240+00:00;temperature;29.90
4857;pms5003;3630;6.540;3.297;2023-11-27T08:02:38.554321+00:00;P2;39.00
4857;pms5003;3630;6.540;3.297;2023-11-27T08:02:38.554321+00:00;P1;48.00
4857;pms5003;3630;6.540;3.297;2023-11-27T08:02:38.554321+00:00;P0;24.33
4858;DHT22;3630;6.540;3.297;2023-11-27T08:02:51.794299+00:00;humidity;79.30
4858;DHT22;3630;6.540;3.297;2023-11-27T08:02:51.794299+00:00;temperature;29.90
4857;pms5003;3630;6.540;3.297;2023-11-27T08:03:42.674514+00:00;P2;41.00
4857;pms5003;3630;6.540;3.297;2023-11-27T08:03:42.674514+00:00;P1;47.00
4857;pms5003;3630;6.540;3.297;2023-11-27T08:03:42.674514+00:00;P0;25.00
4858;DHT22;3630;6.540;3.297;2023-11-27T08:03:55.994636+00:00;humidity;79.80
4858;DHT22;3630;6.540;3.297;2023-11-27T08:03:55.994636+00:00;temperature;30.00
4857;pms5003;3630;6.540;3.297;2023-11-27T08:04:47.544153+00:00;P2;34.00
4857;pms5003;3630;6.540;3.297;2023-11-27T08:04:47.544153+00:00;P1;39.25
4857;pms5003;3630;6.540;3.297;2023-11-27T08:04:47.544153+00:00;P0;22.00
4858;DHT22;3630;6.540;3.297;2023-11-27T08:05:00.662453+00:00;humidity;78.90
4858;DHT22;3630;6.540;3.297;2023-11-27T08:05:00.662453+00:00;temperature;30.20
4857;pms5003;3630;6.540;3.297;2023-11-27T08:05:51.332648+00:00;P2;40.00
4857;pms5003;3630;6.540;3.297;2023-11-27T08:05:51.332648+00:00;P1;48.00
4857;pms5003;3630;6.540;3.297;2023-11-27T08:05:51.332648+00:00;P0;23.00
4858;DHT22;3630;6.540;3.297;2023-11-27T08:06:04.813558+00:00;humidity;78.50
4858;DHT22;3630;6.540;3.297;2023-11-27T08:06:04.813558+00:00;temperature;30.40
4857;pms5003;3630;6.540;3.297;2023-11-27T08:06:56.517324+00:00;P2;37.50
4857;pms5003;3630;6.540;3.297;2023-11-27T08:06:56.517324+00:00;P1;45.00
4857;pms5003;3630;6.540;3.297;2023-11-27T08:06:56.517324+00:00;P0;24.00
4858;DHT22;3630;6.540;3.297;2023-11-27T08:07:09.635152+00:00;humidity;78.20
4858;DHT22;3630;6.540;3.297;2023-11-27T08:07:09.635152+00:00;temperature;30.80
4857;pms5003;3630;6.540;3.297;2023-11-27T08:08:00.348097+00:00;P2;35.67
4857;pms5003;3630;6.540;3.297;2023-11-27T08:08:00.348097+00:00;P1;41.00
4857;pms5003;3630;6.540;3.297;2023-11-27T08:08:00.348097+00:00;P0;22.00
4858;DHT22;3630;6.540;3.297;2023-11-27T08:08:13.476921+00:00;humidity;77.20
4858;DHT22;3630;6.540;3.297;2023-11-27T08:08:13.476921+00:00;temperature;31.20
4857;pms5003;3630;6.540;3.297;2023-11-27T08:09:04.540683+00:00;P2;36.75
4857;pms5003;3630;6.540;3.297;2023-11-27T08:09:04.540683+00:00;P1;41.75
4857;pms5003;3630;6.540;3.297;2023-11-27T08:09:04.540683+00:00;P0;23.25
4858;DHT22;3630;6.540;3.297;2023-11-27T08:09:17.636998+00:00;humidity;76.50
4858;DHT22;3630;6.540;3.297;2023-11-27T08:09:17.636998+00:00;temperature;31.50
4857;pms5003;3630;6.540;3.297;2023-11-27T08:10:09.678995+00:00;P2;40.00
4857;pms5003;3630;6.540;3.297;2023-11-27T08:10:09.678995+00:00;P1;48.00
4857;pms5003;3630;6.540;3.297;2023-11-27T08:10:09.678995+00:00;P0;24.60
4858;DHT22;3630;6.540;3.297;2023-11-27T08:10:22.718571+00:00;humidity;74.40
4858;DHT22;3630;6.540;3.297;2023-11-27T08:10:22.718571+00:00;temperature;31.90
4857;pms5003;3630;6.540;3.297;2023-11-27T08:11:13.471054+00:00;P2;41.40
4857;pms5003;3630;6.540;3.297;2023-11-27T08:11:13.471054+00:00;P1;50.00
4857;pms5003;3630;6.540;3.297;2023-11-27T08:11:13.471054+00:00;P0;27.40
4858;DHT22;3630;6.540;3.297;2023-11-27T08:11:26.653714+00:00;humidity;74.20
4858;DHT22;3630;6.540;3.297;2023-11-27T08:11:26.653714+00:00;temperature;32.20
4857;pms5003;3630;6.540;3.297;2023-11-27T08:12:17.572119+00:00;P2;37.50
4857;pms5003;3630;6.540;3.297;2023-11-27T08:12:17.572119+00:00;P1;44.50
4857;pms5003;3630;6.540;3.297;2023-11-27T08:12:17.572119+00:00;P0;24.50
4858;DHT22;3630;6.540;3.297;2023-11-27T08:12:30.695483+00:00;humidity;72.20
4858;DHT22;3630;6.540;3.297;2023-11-27T08:12:30.695483+00:00;temperature;32.50
4857;pms5003;3630;6.540;3.297;2023-11-27T08:13:21.834630+00:00;P2;38.50
4857;pms5003;3630;6.540;3.297;2023-11-27T08:13:21.834630+00:00;P1;44.50
4857;pms5003;3630;6.540;3.297;2023-11-27T08:13:21.834630+00:00;P0;24.00
4858;DHT22;3630;6.540;3.297;2023-11-27T08:13:34.953876+00:00;humidity;70.30
4858;DHT22;3630;6.540;3.297;2023-11-27T08:13:34.953876+00:00;temperature;32.60
4857;pms5003;3630;6.540;3.297;2023-11-27T08:14:25.655080+00:00;P2;40.00
4857;pms5003;3630;6.540;3.297;2023-11-27T08:14:25.655080+00:00;P1;47.50
4857;pms5003;3630;6.540;3.297;2023-11-27T08:14:25.655080+00:00;P0;24.00
4858;DHT22;3630;6.540;3.297;2023-11-27T08:14:38.776352+00:00;humidity;72.40
4858;DHT22;3630;6.540;3.297;2023-11-27T08:14:38.776352+00:00;temperature;32.70
4857;pms5003;3630;6.540;3.297;2023-11-27T08:15:29.733255+00:00;P2;41.50
4857;pms5003;3630;6.540;3.297;2023-11-27T08:15:29.733255+00:00;P1;48.50
4857;pms5003;3630;6.540;3.297;2023-11-27T08:15:29.733255+00:00;P0;24.00
4858;DHT22;3630;6.540;3.297;2023-11-27T08:15:42.759074+00:00;humidity;69.70
4858;DHT22;3630;6.540;3.297;2023-11-27T08:15:42.759074+00:00;temperature;33.10
4857;pms5003;3630;6.540;3.297;2023-11-27T08:16:36.038009+00:00;P2;36.50
4857;pms5003;3630;6.540;3.297;2023-11-27T08:16:36.038009+00:00;P1;44.00
4857;pms5003;3630;6.540;3.297;2023-11-27T08:16:36.038009+00:00;P0;23.00
4858;DHT22;3630;6.540;3.297;2023-11-27T08:16:49.142119+00:00;humidity;69.00
4858;DHT22;3630;6.540;3.297;2023-11-27T08:16:49.142119+00:00;temperature;33.10
4857;pms5003;3630;6.540;3.297;2023-11-27T08:17:39.935253+00:00;P2;38.00
4857;pms5003;3630;6.540;3.297;2023-11-27T08:17:39.935253+00:00;P1;46.50
4857;pms5003;3630;6.540;3.297;2023-11-27T08:17:39.935253+00:00;P0;23.50
4858;DHT22;3630;6.540;3.297;2023-11-27T08:17:53.035627+00:00;humidity;68.30
4858;DHT22;3630;6.540;3.297;2023-11-27T08:17:53.035627+00:00;temperature;33.00
4857;pms5003;3630;6.540;3.297;2023-11-27T08:18:44.401863+00:00;P2;37.67
4857;pms5003;3630;6.540;3.297;2023-11-27T08:18:44.401863+00:00;P1;45.00
4857;pms5003;3630;6.540;3.297;2023-11-27T08:18:44.401863+00:00;P0;24.67
4858;DHT22;3630;6.540;3.297;2023-11-27T08:18:57.539623+00:00;humidity;69.50
4858;DHT22;3630;6.540;3.297;2023-11-27T08:18:57.539623+00:00;temperature;32.70
4857;pms5003;3630;6.540;3.297;2023-11-27T08:19:48.370122+00:00;P2;46.00
4857;pms5003;3630;6.540;3.297;2023-11-27T08:19:48.370122+00:00;P1;57.00
4857;pms5003;3630;6.540;3.297;2023-11-27T08:19:48.370122+00:00;P0;31.33
4858;DHT22;3630;6.540;3.297;2023-11-27T08:20:01.486262+00:00;humidity;70.50
4858;DHT22;3630;6.540;3.297;2023-11-27T08:20:01.486262+00:00;temperature;32.80
